Date,Clicks,Impressions,CTR,Position
2025-05-27,15,1631,0.92%,45.8
2025-05-28,19,1629,1.17%,46.4
2025-05-29,22,1679,1.31%,44.5
2025-05-30,8,1523,0.53%,46.1
2025-05-31,20,1534,1.3%,48.6
2025-06-01,12,1614,0.74%,51.2
2025-06-02,17,1768,0.96%,46.8
2025-06-03,17,1548,1.1%,44.9
2025-06-04,19,1822,1.04%,47.6
2025-06-05,14,1513,0.93%,44.7
2025-06-06,15,1672,0.9%,48.5
2025-06-07,14,1837,0.76%,53.5
2025-06-08,16,1719,0.93%,54.2
2025-06-09,29,1645,1.76%,49
2025-06-10,32,1713,1.87%,51.2
2025-06-11,26,1855,1.4%,51.2
2025-06-12,22,1758,1.25%,50.2
2025-06-13,19,1951,0.97%,55
2025-06-14,16,2041,0.78%,57.1
2025-06-15,8,2012,0.4%,54.2
2025-06-16,16,2321,0.69%,54.3
2025-06-17,28,2189,1.28%,54.5
2025-06-18,13,2367,0.55%,58.1
2025-06-19,38,2690,1.41%,55.5
2025-06-20,32,2699,1.19%,57.6
2025-06-21,12,2488,0.48%,60
2025-06-22,14,2500,0.56%,60.9
2025-06-23,19,2622,0.72%,60.3
2025-06-24,30,2149,1.4%,54.8
2025-06-25,12,2719,0.44%,60
2025-06-26,18,2319,0.78%,57.3
2025-06-27,15,2394,0.63%,59.2
2025-06-28,14,2073,0.68%,58.5
2025-06-29,8,2907,0.28%,61.1
2025-06-30,25,2014,1.24%,56.8
2025-07-01,15,2142,0.7%,58.1
2025-07-02,22,2096,1.05%,56
2025-07-03,22,1870,1.18%,52.7
2025-07-04,18,1794,1%,52.9
2025-07-05,10,1839,0.54%,52.8
2025-07-06,11,1870,0.59%,51.4
2025-07-07,34,2621,1.3%,51.9
2025-07-08,17,1984,0.86%,48.6
2025-07-09,36,2359,1.53%,51.6
2025-07-10,22,2213,0.99%,49.2
2025-07-11,20,2406,0.83%,52
2025-07-12,24,2301,1.04%,52.9
2025-07-13,25,2484,1.01%,53.8
2025-07-14,29,2304,1.26%,50.1
2025-07-15,31,2634,1.18%,50
2025-07-16,25,2212,1.13%,49.9
2025-07-17,20,2038,0.98%,47.4
2025-07-18,16,2147,0.75%,51
2025-07-19,11,2039,0.54%,51.5
2025-07-20,16,2179,0.73%,52.6
2025-07-21,19,2978,0.64%,53.4
2025-07-22,16,2689,0.6%,51.2
2025-07-23,23,2006,1.15%,48.5
2025-07-24,29,1925,1.51%,45.2
2025-07-25,19,1975,0.96%,46.5
2025-07-26,15,2763,0.54%,54.1
2025-07-27,15,2457,0.61%,51.3
2025-07-28,23,2105,1.09%,48.5
2025-07-29,29,1895,1.53%,49.3
2025-07-30,40,1883,2.12%,47.1
2025-07-31,26,1634,1.59%,43.6
2025-08-01,26,1648,1.58%,45.1
2025-08-02,18,1617,1.11%,45.4
2025-08-03,26,1992,1.31%,46.3
2025-08-04,17,2216,0.77%,49
2025-08-05,27,2054,1.31%,45.9
2025-08-06,29,1842,1.57%,42.2
2025-08-07,19,1923,0.99%,42.4
2025-08-08,17,1704,1%,45.1
2025-08-09,15,1831,0.82%,47
2025-08-10,13,1770,0.73%,43.7
2025-08-11,17,2001,0.85%,45.3
2025-08-12,18,1757,1.02%,42.5
2025-08-13,24,1959,1.23%,43.6
2025-08-14,42,1671,2.51%,42.2
2025-08-15,59,1755,3.36%,41.6
2025-08-16,35,1874,1.87%,44.8
2025-08-17,30,1888,1.59%,46.8
2025-08-18,25,1742,1.44%,42
2025-08-19,45,1611,2.79%,41.3
2025-08-20,35,2182,1.6%,48
2025-08-21,44,1736,2.53%,43.6
2025-08-22,25,1577,1.59%,44.1
2025-08-23,19,1838,1.03%,47.2
2025-08-24,23,1851,1.24%,46.1
2025-08-25,34,2383,1.43%,48.5
2025-08-26,35,2141,1.63%,44.7
2025-08-27,30,1813,1.65%,47.5
2025-08-28,23,1693,1.36%,48.5
2025-08-29,14,1741,0.8%,50.1
2025-08-30,26,1590,1.64%,49.1
2025-08-31,25,1806,1.38%,53
2025-09-01,15,1637,0.92%,52.5
2025-09-02,30,1757,1.71%,49.3
2025-09-03,28,1658,1.69%,47.5
2025-09-04,43,1501,2.86%,40.6
2025-09-05,28,1519,1.84%,46.1
2025-09-06,14,1443,0.97%,48.9
2025-09-07,19,1548,1.23%,45.6
2025-09-08,34,1602,2.12%,42.8
2025-09-09,29,1542,1.88%,40
2025-09-10,30,1406,2.13%,39.8
2025-09-11,29,1078,2.69%,37.4
2025-09-12,25,791,3.16%,30.1
2025-09-13,14,586,2.39%,16
2025-09-14,18,612,2.94%,21.2
2025-09-15,22,720,3.06%,19.2
2025-09-16,23,806,2.85%,17.6
2025-09-17,27,727,3.71%,16.7
2025-09-18,25,908,2.75%,21.2
2025-09-19,14,736,1.9%,18
2025-09-20,13,651,2%,23
2025-09-21,217,932,23.28%,14.3
2025-09-22,75,880,8.52%,18.3
2025-09-23,33,809,4.08%,18
2025-09-24,23,882,2.61%,19.7
2025-09-25,37,748,4.95%,17.6
2025-09-26,21,734,2.86%,18.2
2025-09-27,20,660,3.03%,17.5
2025-09-28,10,711,1.41%,19.9
2025-09-29,35,719,4.87%,15.8
2025-09-30,50,814,6.14%,17
2025-10-01,33,785,4.2%,20.8
2025-10-02,22,741,2.97%,11.8
2025-10-03,26,673,3.86%,13.4
2025-10-04,22,740,2.97%,26.6
2025-10-05,20,625,3.2%,14.8
2025-10-06,27,792,3.41%,21.4
2025-10-07,17,707,2.4%,21.7
2025-10-08,34,788,4.31%,27
2025-10-09,14,633,2.21%,14.6
2025-10-10,17,764,2.23%,22
2025-10-11,20,629,3.18%,20.4
2025-10-12,14,681,2.06%,14.7
2025-10-13,29,788,3.68%,13.2
2025-10-14,23,758,3.03%,17.2
2025-10-15,32,790,4.05%,17.6
2025-10-16,34,845,4.02%,15.1
2025-10-17,31,742,4.18%,16.4
2025-10-18,18,671,2.68%,16
2025-10-19,18,663,2.71%,12.9
2025-10-20,31,745,4.16%,14.3
2025-10-21,20,747,2.68%,15.2
2025-10-22,30,743,4.04%,15.5
2025-10-23,20,796,2.51%,22.1
2025-10-24,23,638,3.61%,15.8
2025-10-25,15,576,2.6%,17.5
2025-10-26,19,660,2.88%,15
2025-10-27,25,673,3.71%,16.1
2025-10-28,17,673,2.53%,13.4
2025-10-29,23,682,3.37%,15.5
2025-10-30,21,727,2.89%,20.3
2025-10-31,11,578,1.9%,17.7
2025-11-01,11,584,1.88%,19.5
2025-11-02,9,622,1.45%,19.4
2025-11-03,24,680,3.53%,14.4
2025-11-04,31,653,4.75%,14.4
2025-11-05,18,640,2.81%,16.4
2025-11-06,38,705,5.39%,12.1
2025-11-07,32,594,5.39%,15.5
2025-11-08,12,551,2.18%,21.9
2025-11-09,22,615,3.58%,17.2
2025-11-10,14,662,2.11%,16.1
2025-11-11,21,644,3.26%,13.7
2025-11-12,21,663,3.17%,19.1
2025-11-13,23,702,3.28%,21.5
2025-11-14,10,623,1.61%,20.4
2025-11-15,13,526,2.47%,22.5
2025-11-16,14,605,2.31%,20.7
2025-11-17,42,1087,3.86%,21.3
2025-11-18,30,994,3.02%,20.7
2025-11-19,30,900,3.33%,29
2025-11-20,25,881,2.84%,26.7
2025-11-21,14,679,2.06%,22.9
2025-11-22,17,875,1.94%,24
2025-11-23,21,998,2.1%,29.8
2025-11-24,22,904,2.43%,27.7
2025-11-25,23,855,2.69%,28.2
2025-11-26,14,845,1.66%,30.5
2025-11-27,14,876,1.6%,35.7
2025-11-28,13,614,2.12%,23.6
2025-11-29,19,629,3.02%,18.3
2025-11-30,12,655,1.83%,22.9
2025-12-01,14,686,2.04%,21.4
2025-12-02,19,743,2.56%,22.6
2025-12-03,25,713,3.51%,21.2
2025-12-04,24,728,3.3%,20.3
2025-12-05,12,672,1.79%,21
2025-12-06,16,666,2.4%,19.5
2025-12-07,20,754,2.65%,20.7
2025-12-08,23,774,2.97%,23.4
2025-12-09,9,813,1.11%,21.5
2025-12-10,12,802,1.5%,17.5
2025-12-11,19,721,2.64%,17.2
2025-12-12,15,698,2.15%,22.7
2025-12-13,9,621,1.45%,27.6
2025-12-14,12,728,1.65%,31.7
2025-12-15,22,685,3.21%,19.8
2025-12-16,14,760,1.84%,27.5
2025-12-17,20,637,3.14%,22.3
2025-12-18,17,651,2.61%,23.1
2025-12-19,10,725,1.38%,25.2
2025-12-20,13,689,1.89%,31.1
2025-12-21,13,777,1.67%,30.7
2025-12-22,14,687,2.04%,28.3
2025-12-23,7,774,0.9%,35.8
2025-12-24,9,664,1.36%,38.6
2025-12-25,7,649,1.08%,43.5
2025-12-26,4,888,0.45%,38.4
2025-12-27,12,820,1.46%,35
2025-12-28,9,853,1.06%,30.7
2025-12-29,24,820,2.93%,28.8
2025-12-30,10,1028,0.97%,37
2025-12-31,13,814,1.6%,32.8
2026-01-01,16,691,2.32%,23.7
2026-01-02,13,758,1.72%,23.9
2026-01-03,11,669,1.64%,19.9
2026-01-04,22,762,2.89%,18.1
2026-01-05,34,815,4.17%,17.3
2026-01-06,30,692,4.34%,18.1
2026-01-07,42,770,5.45%,19.7
2026-01-08,31,733,4.23%,22.2
2026-01-09,14,555,2.52%,25.3
2026-01-10,4,489,0.82%,29.3
2026-01-11,7,485,1.44%,26.9
2026-01-12,21,396,5.3%,26
2026-01-13,15,381,3.94%,25.2
2026-01-14,14,315,4.44%,25.1
2026-01-15,8,241,3.32%,23.8
2026-01-16,7,238,2.94%,33.6
2026-01-17,6,212,2.83%,36.4
2026-01-18,13,251,5.18%,41.5
2026-01-19,21,330,6.36%,42.6
2026-01-20,19,339,5.6%,36
2026-01-21,21,368,5.71%,38.3
2026-01-22,13,334,3.89%,36.7
2026-01-23,9,261,3.45%,42.8
2026-01-24,6,208,2.88%,40.4
2026-01-25,11,226,4.87%,36.6
2026-01-26,20,269,7.43%,37.6
2026-01-27,13,378,3.44%,44.1
2026-01-28,13,309,4.21%,47.1
2026-01-29,23,206,11.17%,28.5
2026-01-30,12,226,5.31%,32.7
2026-01-31,8,285,2.81%,41.3
2026-02-01,11,242,4.55%,30.1
2026-02-02,17,248,6.85%,33.7
2026-02-03,14,218,6.42%,30.6
2026-02-04,22,274,8.03%,29.4
2026-02-05,12,156,7.69%,29.4
2026-02-06,11,136,8.09%,28.1
2026-02-07,8,110,7.27%,28.1
2026-02-08,2,124,1.61%,30
2026-02-09,15,121,12.4%,16.4
2026-02-10,18,131,13.74%,27.7
2026-02-11,15,184,8.15%,26.2
2026-02-12,15,110,13.64%,22.5
2026-02-13,9,97,9.28%,16.5
2026-02-14,9,91,9.89%,23.8
2026-02-15,9,103,8.74%,20.4
2026-02-16,13,99,13.13%,14.5
2026-02-17,10,110,9.09%,21.3
2026-02-18,23,148,15.54%,28.3
2026-02-19,19,113,16.81%,13.2
2026-02-20,2,68,2.94%,22.1
2026-02-21,5,68,7.35%,23.9
2026-02-22,11,113,9.73%,26.7
2026-02-23,14,109,12.84%,16
2026-02-24,6,88,6.82%,15.5
2026-02-25,19,153,12.42%,21.7
2026-02-26,18,100,18%,17.5
2026-02-27,15,101,14.85%,19
2026-02-28,14,77,18.18%,15.3
2026-03-01,13,159,8.18%,11.9
2026-03-02,14,102,13.73%,16.3
2026-03-03,13,90,14.44%,17.5
2026-03-04,21,183,11.48%,20
2026-03-05,13,132,9.85%,15.3
2026-03-06,15,98,15.31%,17.1
2026-03-07,4,45,8.89%,28.4
2026-03-08,4,63,6.35%,22.7
2026-03-09,15,90,16.67%,12.4
2026-03-10,16,99,16.16%,20.4
2026-03-11,17,168,10.12%,28.4
2026-03-12,17,120,14.17%,23
2026-03-13,6,77,7.79%,20.4
2026-03-14,4,63,6.35%,22.6
2026-03-15,10,75,13.33%,18.9
2026-03-16,21,148,14.19%,20.9
2026-03-17,20,134,14.93%,25.1
2026-03-18,18,147,12.24%,23.5
2026-03-19,17,122,13.93%,10.3
2026-03-20,8,94,8.51%,21.4
2026-03-21,5,108,4.63%,25.8
2026-03-22,16,102,15.69%,28.3
2026-03-23,23,155,14.84%,18.6
2026-03-24,10,127,7.87%,22.1
2026-03-25,15,152,9.87%,33.9
2026-03-26,14,106,13.21%,20.2
2026-03-27,8,69,11.59%,24.3
2026-03-28,15,86,17.44%,9.6
2026-03-29,9,113,7.96%,24.4
2026-03-30,15,114,13.16%,11.4
2026-03-31,20,99,20.2%,16.6
2026-04-01,19,120,15.83%,21.1
2026-04-02,14,119,11.76%,16
2026-04-03,11,178,6.18%,10.5
2026-04-04,9,88,10.23%,12.4
2026-04-05,11,107,10.28%,16
2026-04-06,18,133,13.53%,12.5
2026-04-07,24,146,16.44%,15.2
2026-04-08,21,163,12.88%,12.8
2026-04-09,19,151,12.58%,7.8
2026-04-10,23,156,14.74%,9.5
2026-04-11,11,113,9.73%,14.3
2026-04-12,18,158,11.39%,15.5
2026-04-13,18,159,11.32%,10.8
2026-04-14,21,186,11.29%,23.4
2026-04-15,17,201,8.46%,19.4
2026-04-16,18,124,14.52%,11.4
2026-04-17,12,116,10.34%,11.4
2026-04-18,5,88,5.68%,15.2
2026-04-19,16,124,12.9%,15.9
2026-04-20,30,138,21.74%,11.1
2026-04-21,20,136,14.71%,10.8
2026-04-22,17,154,11.04%,16.3
2026-04-23,22,106,20.75%,11.5
2026-04-24,11,103,10.68%,15
2026-04-25,12,105,11.43%,11.8
2026-04-26,10,99,10.1%,18.9
2026-04-27,22,136,16.18%,12.5
2026-04-28,26,134,19.4%,21.1
2026-04-29,23,161,14.29%,16.6
2026-04-30,18,139,12.95%,12.8
2026-05-01,10,146,6.85%,12.1
2026-05-02,8,86,9.3%,13.9
2026-05-03,14,136,10.29%,15.7
2026-05-04,25,148,16.89%,10.2
2026-05-05,14,159,8.81%,11.7
2026-05-06,23,151,15.23%,16.8
2026-05-07,14,128,10.94%,9.4
2026-05-08,12,114,10.53%,14.9
2026-05-09,12,91,13.19%,15.2
2026-05-10,8,102,7.84%,22
2026-05-11,11,149,7.38%,14.8
2026-05-12,11,107,10.28%,15.3
2026-05-13,35,217,16.13%,13.8
2026-05-14,17,128,13.28%,12.1
2026-05-15,3,105,2.86%,12.3
2026-05-16,6,126,4.76%,13.1
2026-05-17,4,110,3.64%,18.5
2026-05-18,12,118,10.17%,11.2
2026-05-19,12,111,10.81%,14
2026-05-20,9,122,7.38%,12.8
2026-05-21,19,100,19%,12.6
2026-05-22,12,100,12%,14
2026-05-23,5,92,5.43%,24.4
2026-05-24,6,98,6.12%,18.4
2026-05-25,7,104,6.73%,15.3
2026-05-26,14,114,12.28%,17.6
2026-05-27,5,111,4.5%,21
2026-05-28,6,107,5.61%,13.8
2026-05-29,6,96,6.25%,9.5
2026-05-30,2,77,2.6%,11.4
2026-05-31,8,92,8.7%,17.5
2026-06-01,14,123,11.38%,11.5
2026-06-02,14,160,8.75%,11.2
2026-06-03,12,161,7.45%,12.7
2026-06-04,9,125,7.2%,13.2
2026-06-05,7,109,6.42%,15.1
2026-06-06,6,119,5.04%,14.8
2026-06-07,5,129,3.88%,15.4
2026-06-08,21,187,11.23%,12.3
2026-06-09,17,152,11.18%,13.3
2026-06-10,14,152,9.21%,11.9
2026-06-11,11,126,8.73%,17.6
2026-06-12,8,118,6.78%,16.1
2026-06-13,2,99,2.02%,20.5
2026-06-14,10,113,8.85%,23.1
2026-06-15,9,165,5.45%,17.7
2026-06-16,19,202,9.41%,14.6
2026-06-17,17,217,7.83%,12.5
2026-06-18,16,98,16.33%,18.2
2026-06-19,15,152,9.87%,12.7
2026-06-20,14,134,10.45%,17.8
2026-06-21,12,128,9.38%,17.8
2026-06-22,12,180,6.67%,11.2
2026-06-23,11,140,7.86%,12.9
2026-06-24,15,141,10.64%,14
2026-06-25,7,98,7.14%,19.4
2026-06-26,9,150,6%,17.3
2026-06-27,8,128,6.25%,17.2
2026-06-28,7,122,5.74%,11.9
2026-06-29,15,137,10.95%,12
2026-06-30,13,155,8.39%,15
2026-07-01,21,132,15.91%,13.4
2026-07-02,9,147,6.12%,13.3
2026-07-03,15,146,10.27%,11.9
2026-07-04,2,104,1.92%,12
2026-07-05,7,125,5.6%,13.7
2026-07-06,20,191,10.47%,8.9
2026-07-07,19,246,7.72%,9
2026-07-08,11,212,5.19%,10
2026-07-09,10,201,4.98%,10.8
2026-07-10,6,171,3.51%,14.2
2026-07-11,4,180,2.22%,12.3
2026-07-12,5,179,2.79%,17.1
2026-07-13,23,264,8.71%,10.5
2026-07-14,13,193,6.74%,13.5
2026-07-15,22,193,11.4%,10.9
2026-07-16,15,240,6.25%,11.7
2026-07-17,6,194,3.09%,9.2
2026-07-18,3,158,1.9%,12.8
2026-07-19,8,158,5.06%,14
2026-07-20,20,224,8.93%,11.8
2026-07-21,6,244,2.46%,13.1
2026-07-22,8,219,3.65%,11.1
2026-07-23,21,215,9.77%,11.7
2026-07-24,9,176,5.11%,15.5
2026-07-25,7,153,4.58%,15
2026-07-26,11,198,5.56%,21.5
2026-07-27,24,232,10.34%,12.4
2026-07-28,8,225,3.56%,16.7
2026-07-29,25,260,9.62%,12.2
2026-07-30,25,286,8.74%,13.7
2026-07-31,19,252,7.54%,16.5
2026-08-01,9,194,4.64%,19.7
2026-08-02,7,186,3.76%,14
2026-08-03,23,270,8.52%,11
2026-08-04,21,245,8.57%,11.4
2026-08-05,16,257,6.23%,12.5
2026-08-06,12,253,4.74%,13.7
2026-08-07,10,203,4.93%,14.5
2026-08-08,11,201,5.47%,11.7
2026-08-09,6,203,2.96%,15.8
2026-08-10,10,283,3.53%,14.3
2026-08-11,11,301,3.65%,11.9
2026-08-12,10,295,3.39%,9.8
2026-08-13,14,362,3.87%,10.5
2026-08-14,11,326,3.37%,10.8
2026-08-15,19,258,7.36%,10.4
2026-08-16,11,269,4.09%,13.1
2026-08-17,27,354,7.63%,9.4
2026-08-18,20,303,6.6%,11.8
2026-08-19,43,467,9.21%,9.8
2026-08-20,16,275,5.82%,10.2
2026-08-21,20,318,6.29%,13.2
2026-08-22,7,268,2.61%,13.6
2026-08-23,21,267,7.87%,13.6
2026-08-24,24,321,7.48%,11.3
2026-08-25,23,366,6.28%,12.6
2026-08-26,28,320,8.75%,12
2026-08-27,17,274,6.2%,11.2
2026-08-28,10,264,3.79%,13.9
2026-08-29,14,246,5.69%,15.6
2026-08-30,10,265,3.77%,16.3
2026-08-31,21,356,5.9%,13.9
2026-09-01,20,346,5.78%,12
2026-09-02,19,334,5.69%,12.1
2026-09-03,16,327,4.89%,13.7
2026-09-04,9,313,2.88%,15.1
2026-09-05,9,261,3.45%,13.6
2026-09-06,5,317,1.58%,14.8
2026-09-07,14,344,4.07%,13
2026-09-08,14,376,3.72%,13.5
2026-09-09,21,382,5.5%,11.6
2026-09-10,16,421,3.8%,9.8
2026-09-11,23,427,5.39%,10.4
2026-09-12,15,356,4.21%,10.6
2026-09-13,15,330,4.55%,11
2026-09-14,23,451,5.1%,10.8
2026-09-15,33,489,6.75%,9
2026-09-16,22,562,3.91%,9.9
2026-09-17,20,475,4.21%,8.7
2026-09-18,15,444,3.38%,9.6
2026-09-19,14,368,3.8%,8
2026-09-20,15,327,4.59%,9.5
2026-09-21,14,368,3.8%,8.6
2026-09-22,20,396,5.05%,8.7
2026-09-23,13,363,3.58%,8.3
2026-09-24,14,449,3.12%,7.5
2026-09-25,13,451,2.88%,8.6
2026-09-26,14,327,4.28%,7.3