Top pages,Clicks,Impressions,CTR,Position
https://drautoimmune.com/,4966,41438,11.98%,20.51
https://drautoimmune.com/about-us/,346,9082,3.81%,3.84
https://drautoimmune.com/blog/bone-broth-vs-meat-stock-how-to-get-the-most-gut-healing/,276,16467,1.68%,20.38
https://drautoimmune.com/products/,256,9703,2.64%,6.69
https://drautoimmune.com/services/,217,13974,1.55%,3.42
https://drautoimmune.com/blog/in-with-black-cumin-seed-oil-out-with-inflammation/,216,13786,1.57%,11.92
https://drautoimmune.com/products/theia-cgm/,199,7271,2.74%,5.13
https://drautoimmune.com/about/,198,9526,2.08%,5.76
https://drautoimmune.com/products/methyl-power/,148,512,28.91%,5.03
https://drautoimmune.com/products/theia-cgm-sensors/,146,4614,3.16%,5.16
https://drautoimmune.com/testimonials/,123,6307,1.95%,3.38
https://drautoimmune.com/blog/pmf-therapy-pulsed-electromagnetic-frequency/,102,6590,1.55%,13.1
https://drautoimmune.com/blog/10-ways-to-use-coconut-on-the-autoimmune-protocol/,81,5344,1.52%,8.02
https://drautoimmune.com/shop/,79,4415,1.79%,4.69
https://drautoimmune.com/products/leaky-gut-trio/,76,633,12.01%,8.97
https://drautoimmune.com/conditions-we-support/,64,4808,1.33%,3.21
https://drautoimmune.com/book-new-patient-evaluation/,62,4949,1.25%,2.9
https://drautoimmune.com/patient-stories/,61,6501,0.94%,3.19
https://drautoimmune.com/blog/things-to-know-nad-autoimmune-disease/,56,3795,1.48%,8.11
https://drautoimmune.com/blog/lupus-and-dhea-a-new-approach/,54,4060,1.33%,10.56
https://drautoimmune.com/conditions/,50,8835,0.57%,15.85
https://drautoimmune.com/products/methyl-power-120c/,50,402,12.44%,3.81
https://drautoimmune.com/blog/understanding-lupus-and-vasculitis-conditions-decoding-ana-patterns/,48,5688,0.84%,36.25
https://drautoimmune.com/blog/can-olive-oil-help-multiple-sclerosis-patients/,48,1923,2.5%,7.37
https://drautoimmune.com/products/immuno-power/,42,2558,1.64%,14.01
https://drautoimmune.com/raynauds-phenomenon/,38,3333,1.14%,23.31
https://drautoimmune.com/blog/the-power-of-zinc-carnosine-healing-intestinal-hyperpermeability-and-beyond/,36,4514,0.8%,18.13
https://drautoimmune.com/blog/understanding-leaky-gut-and-sjogrens-disease/,36,1386,2.6%,10.06
https://drautoimmune.com/signs-gut-may-be-driving-autoimmune-flares/,33,4645,0.71%,16.25
https://drautoimmune.com/blog/importance-of-methylated-b-vitamins/,30,14478,0.21%,32.53
https://drautoimmune.com/remote-new-patient/,30,5424,0.55%,6.51
https://drautoimmune.com/blog/hashimotos-and-h-pylori/,26,2438,1.07%,16.27
https://drautoimmune.com/blog/inflammation-isnt-just-about-crp-level/,26,1270,2.05%,11.19
https://drautoimmune.com/contact/,24,3368,0.71%,5.24
https://drautoimmune.com/blog/what-to-expect-holistic-approach-to-autoimmune-disease/,24,1631,1.47%,27.51
https://drautoimmune.com/blog/autism-awareness-anxiety-and-cupping/,24,944,2.54%,27.67
https://drautoimmune.com/free-discovery-call/,24,850,2.82%,4.36
https://drautoimmune.com/why-your-pots-symptoms-still-dont-make-sense-and-what-your-body-may-be-trying-to-tell-you/,23,2454,0.94%,8.91
https://drautoimmune.com/contact-us/,22,4177,0.53%,5.38
https://drautoimmune.com/blog/benefits-of-taking-magnesium/,20,5485,0.36%,14.13
https://drautoimmune.com/pots-treatment-looking-beyond-salt-and-medications-with-functional-medicine/,20,831,2.41%,10.48
https://drautoimmune.com/blog/hormones-101-part-1-cortisol-progesterone/,19,2043,0.93%,17.91
https://drautoimmune.com/mold-illness-often-mimics-autoimmune-disease-symptoms/,19,1084,1.75%,8.68
https://drautoimmune.com/blog/there-is-nothing-sweet-about-artificial-sweeteners-and-leaky-gut/,19,868,2.19%,21.71
https://drautoimmune.com/products/una-vida-evoo/,19,572,3.32%,7.83
https://drautoimmune.com/blog/breathe-your-troubles-away/,19,499,3.81%,12.77
https://drautoimmune.com/new-patient-exam/,18,1782,1.01%,4.36
https://drautoimmune.com/products/gut-power/,18,1139,1.58%,16.89
https://drautoimmune.com/products/30-day-diy-program-reset-program/,18,914,1.97%,19.25
https://drautoimmune.com/first-autoimmune-functional-medicine-visit-guide/,17,962,1.77%,5.75
https://drautoimmune.com/blog/glutathione-autoimmune-disease-connection/,15,2292,0.65%,8.17
https://drautoimmune.com/products/prebio-power/,15,446,3.36%,13.62
https://drautoimmune.com/i-eat-clean-why-do-i-still-feel-sick/,13,1371,0.95%,7.12
https://drautoimmune.com/products/collagen-power/,13,1194,1.09%,17.04
https://drautoimmune.com/autoimmune-skin-clues-gut-health-trouble/,13,672,1.93%,9.2
https://drautoimmune.com/products/nac-power-120c-srp/,13,493,2.64%,9.01
https://drautoimmune.com/blog/hypertension-and-autoimmune-disease-what-you-need-to-know/,12,1854,0.65%,17.32
https://drautoimmune.com/blog/long-term-antihistamine-use-hidden-danger/,11,9082,0.12%,56.63
https://drautoimmune.com/blog/healing-crohns-disease-with-functional-medicine/,11,1052,1.05%,42.77
https://drautoimmune.com/graves-disease/,11,534,2.06%,15.07
https://drautoimmune.com/products/git-power-60c/,11,380,2.89%,5.61
https://drautoimmune.com/blog/what-is-n-acetylcysteine/,10,17693,0.06%,64.23
https://drautoimmune.com/blog/could-your-dry-skin-be-a-sign-of-autoimmune-disease/,10,3372,0.3%,10.9
https://drautoimmune.com/why-do-i-still-have-symptoms-when-my-tsh-is-normal/,10,935,1.07%,8.64
https://drautoimmune.com/blog/autoimmunity-is-rising-have-you-been-tested/,9,1293,0.7%,25.36
https://drautoimmune.com/if-my-ana-is-positive-do-i-have-an-autoimmune-disease/,9,1030,0.87%,9.32
https://drautoimmune.com/blog/the-difference-between-autologous-and-non-autologous-stem-cells-what-you-need-to-know/,8,3641,0.22%,14
https://drautoimmune.com/podcasts/,8,778,1.03%,9.85
https://drautoimmune.com/how-functional-medicine-can-heal-your-eczema/,7,1149,0.61%,18.42
https://drautoimmune.com/blog/the-immune-power-of-antioxidants/,7,666,1.05%,16.08
https://drautoimmune.com/featured-interviews/,6,1589,0.38%,4.44
https://drautoimmune.com/other-autoimmune-conditions/,6,1048,0.57%,2.95
https://drautoimmune.com/blog/why-do-i-feel-so-good-or-bad-during-pregnancy/,6,296,2.03%,11.02
https://drautoimmune.com/products/min-power-120c/,6,232,2.59%,9.24
https://drautoimmune.com/lupus/,6,199,3.02%,12.97
https://drautoimmune.com/blog/your-thyroid-and-birth-control-pills/,5,3232,0.15%,51.98
https://drautoimmune.com/blog/autoimmune-diseases-in-children/,5,2259,0.22%,65.25
https://drautoimmune.com/the-hidden-link-between-gut-health-and-autoimmune-disease/,5,1636,0.31%,23.56
https://drautoimmune.com/blog/immunoxym-the-best-way-to-get-the-benefits-of-green-tea/,5,1369,0.37%,20.74
https://drautoimmune.com/book-an-appointment/,5,681,0.73%,5.12
https://drautoimmune.com/blog/category/immune/,5,619,0.81%,9.63
https://drautoimmune.com/root-causes-of-anemia-and-low-ferritin/,5,384,1.3%,6.11
https://drautoimmune.com/blog/mercury-your-thyroid-how-many-fillings-do-you-have/,5,304,1.64%,20.06
https://drautoimmune.com/blog/celiac-disease-mercury-connection-a-new-link/,5,88,5.68%,20.92
https://drautoimmune.com/blog/unusual-causes-of-anemia/,5,68,7.35%,12.24
https://drautoimmune.com/blog/what-positive-ana-test-means/,4,13213,0.03%,72.28
https://drautoimmune.com/blog/nutritional-deficiencies-in-hashimotos-understanding-prevention-support/,4,2482,0.16%,23.34
https://drautoimmune.com/blog/birth-control-and-hypothyroidism/,4,1845,0.22%,44.6
https://drautoimmune.com/products/grd-power/,4,978,0.41%,8.87
https://drautoimmune.com/blog/liveo2/,4,781,0.51%,32.87
https://drautoimmune.com/blog/there-must-be-something-in-the-water/,4,741,0.54%,7.73
https://drautoimmune.com/products/root-cause-power-pack/,4,208,1.92%,10.25
https://drautoimmune.com/collections/our-brand/,4,181,2.21%,12.25
https://drautoimmune.com/blog/gut-missing-link-in-endometriosis-adenomyosis/,4,125,3.2%,12.93
https://drautoimmune.com/blog/signs-of-iron-deficiency-women/,3,12700,0.02%,74.48
https://drautoimmune.com/blog/fm-arthritis/,3,1651,0.18%,50.44
https://drautoimmune.com/blog/hormones-101-part-2-estrogen-dominance/,3,1543,0.19%,41.88
https://drautoimmune.com/blog/aip-diet-guide-how-to-successfully-navigate-holidays/,3,451,0.67%,30.07
https://drautoimmune.com/blog/the-many-faces-of-raynauds-phenomenon/,3,404,0.74%,41.96
https://drautoimmune.com/products/resolve-power/,3,369,0.81%,10.31
https://drautoimmune.com/blog/diy-30-day-reset-program-guide/,3,229,1.31%,22.99
https://drautoimmune.com/products/epa-dha-power-200mg-ec-120c/,3,212,1.42%,11.6
https://drautoimmune.com/autoimmune-thyroid-symptoms-when-tsh-looks-normal/,3,192,1.56%,9.37
https://drautoimmune.com/summer-flares-and-gut-health/,3,150,2%,7.51
https://drautoimmune.com/blog/thyroid-docuseries/,3,116,2.59%,17.77
https://drautoimmune.com/blog/what-high-ferritin-levels-mean/,2,8298,0.02%,68.62
https://drautoimmune.com/thyroid-conditions/,2,3270,0.06%,4.47
https://drautoimmune.com/blog/10-step-thyroid-detox/,2,634,0.32%,31.74
https://drautoimmune.com/leaky-gut-signs-causes-and-functional-fixes/,2,414,0.48%,16.17
https://drautoimmune.com/what-high-tsh-levels-actually-mean-why-thyroid-medication-isnt-always-the-answer/,2,347,0.58%,10.52
https://drautoimmune.com/blog/epstein-barr-virus-hidden-trigger-autoimmune-condition/,2,293,0.68%,33.89
https://drautoimmune.com/collections/home-page/,2,243,0.82%,6.02
https://drautoimmune.com/a-guide-to-dysbiosis-autoimmunity/,2,201,1%,10.51
https://drautoimmune.com/blog/5-things-i-wish-i-knew-when-i-was-diagnosed-gluten-intolerant/,2,193,1.04%,17.09
https://drautoimmune.com/blog/brain-camp-2018/,2,188,1.06%,14.59
https://drautoimmune.com/blog/is-your-forehead-related-to-your-irritable-bowel-syndrome/,2,161,1.24%,20.24
https://drautoimmune.com/category/autoimmune-skin-diseases/,2,136,1.47%,22.06
https://drautoimmune.com/blog/the-role-of-regulatory-t-cells-in-autoimmunity/,2,116,1.72%,14.55
https://drautoimmune.com/are-you-testing-your-inflammatory-markers-heres-why-you-should-be/,2,115,1.74%,20.34
https://drautoimmune.com/blog/a-case-study-in-autoimmune-disease-part-1-evaluation/,2,62,3.23%,26.84
https://drautoimmune.com/secrets-that-nourish-your-gut-ease-endometriosis/,2,57,3.51%,12.63
https://drautoimmune.com/products/immuno-power?utm_source=shop_app&list_generator=feed_product_recommendations_also_bought,2,36,5.56%,20.81
https://drautoimmune.com/products/omega-power-120c/,2,31,6.45%,5.42
https://drautoimmune.com/blog/what-is-leaky-gut/,2,12,16.67%,48.58
https://drautoimmune.com/blog/how-autoimmune-diseases-can-affect-your-skin/,1,9742,0.01%,85.4
https://drautoimmune.com/blog/pcos-and-b-vitamins/,1,3131,0.03%,44.3
https://drautoimmune.com/blog/,1,2935,0.03%,5.77
https://drautoimmune.com/blog/vitamin-ds-role-on-the-immune-system/,1,1835,0.05%,63.89
https://drautoimmune.com/blog/connection-between-pots-and-autoimmunity/,1,1534,0.07%,47.53
https://drautoimmune.com/blog/caffeine-percolates-cortisol/,1,964,0.1%,59.01
https://drautoimmune.com/blog/how-functional-medicine-can-heal-your-eczema/,1,854,0.12%,58.67
https://drautoimmune.com/blog/is-your-autoimmune-disease-caused-by-environmental-factors/,1,602,0.17%,26.22
https://drautoimmune.com/blog/olive-oil-benefits/,1,579,0.17%,9.87
https://drautoimmune.com/blog/difference-between-acute-and-chronic-inflammation/,1,554,0.18%,52.61
https://drautoimmune.com/products/mag-power-120c-srp/,1,544,0.18%,28.04
https://drautoimmune.com/blog/unveiling-the-7-mechanisms-of-leaky-gut/,1,527,0.19%,52.6
https://drautoimmune.com/blog/coldlaser/,1,476,0.21%,83.69
https://drautoimmune.com/blog/5-common-autoimmune-diseases-in-men/,1,466,0.21%,32.98
https://drautoimmune.com/blog/dangers-fluoridated-tap-water-connection-low-thyroid-function/,1,428,0.23%,37.4
https://drautoimmune.com/collections/best-seller/,1,310,0.32%,7.42
https://drautoimmune.com/blog/can-laser-help-your-thyroid/,1,293,0.34%,41.06
https://drautoimmune.com/blog/what-high-tsh-levels-mean/,1,275,0.36%,62.82
https://drautoimmune.com/blog/gut-boosting-supplements-bounce-back-after-antibiotics/,1,266,0.38%,16.41
https://drautoimmune.com/products/d3-power-2-oz-srp/,1,243,0.41%,8.78
https://drautoimmune.com/blog/say-yes-to-nad-a-nootropic-for-the-new-year/,1,229,0.44%,31.28
https://drautoimmune.com/blog/thyroid-myths-revealed/,1,221,0.45%,64.83
https://drautoimmune.com/blog/thyrotoxinemia-adhd/,1,204,0.49%,33.18
https://drautoimmune.com/blog/infection-connection/,1,139,0.72%,31.95
https://drautoimmune.com/celiac-disease-and-gluten-intolerance/,1,133,0.75%,23.38
https://drautoimmune.com/blog/have-you-ever-felt-going-gluten-free-did-not-change-your-health/,1,117,0.85%,50.44
https://drautoimmune.com/products/gut-recovery-trio/,1,115,0.87%,12.68
https://drautoimmune.com/blog/the-5-principles-of-functional-medicine/,1,114,0.88%,20.18
https://drautoimmune.com/blog/comprehensive-blood-work-missing-piece-in-health-journey/,1,109,0.92%,28.85
https://drautoimmune.com/blog/faqs-about-online-functional-medicine/,1,104,0.96%,13.44
https://drautoimmune.com/blog/exosomes-and-dementia-is-there-a-correlation/,1,85,1.18%,15.01
https://drautoimmune.com/blog/the-iodine-selenium-debate-how-much-is-enough-for-the-thyroid/,1,83,1.2%,15.28
https://drautoimmune.com/what-chronic-fatigue-reveals-about-thyroid-health/,1,80,1.25%,13.21
https://drautoimmune.com/living-with-mold-illness-autoimmune-fatigue/,1,77,1.3%,8.18
https://drautoimmune.com/blog/dysbiosis-autoimmunity-guide/,1,76,1.32%,14.97
https://drautoimmune.com/blog/healing-thyroid-tissue/,1,72,1.39%,47.89
https://drautoimmune.com/blog/still-cant-smell-or-taste-after-covid/,1,67,1.49%,53.69
https://drautoimmune.com/hidden-thyroid-triggers/,1,59,1.69%,7.02
https://drautoimmune.com/blog/6-early-signs-of-an-autoimmune-disease/,1,56,1.79%,35.45
https://drautoimmune.com/products/starter-pack/,1,39,2.56%,9.51
https://drautoimmune.com/hello-my-valued-subscriber/,1,37,2.7%,5.27
https://drautoimmune.com/blog/leaky-gut-chiropractic/,1,30,3.33%,26.13
https://drautoimmune.com/site-map/,1,27,3.7%,5
https://drautoimmune.com/blog/masking-your-childs-immune-system/,1,23,4.35%,12.09
https://drautoimmune.com/blog/delicious-detox-recipe-cauliflower-with-roasted-brussel-sprouts/,1,19,5.26%,35.74
https://drautoimmune.com/blog/would-you-care-for-butter-in-your-coffee-sir/,1,13,7.69%,13.38
https://drautoimmune.com/products/gut-power?utm_source=shop_app&list_generator=feed_product_recommendations_also_bought,1,13,7.69%,25.46
https://drautoimmune.com/blog/is-it-all-a-fluke/,1,12,8.33%,18.83
https://drautoimmune.com/products/methyl-power?utm_source=shop_app&list_generator=feed_product_recommendations_also_bought,1,10,10%,4.9
https://drautoimmune.com/signs-your-gut-may-be-driving-autoimmune-flares/,1,2,50%,1
https://drautoimmune.com/mold-illness-often-simulates-autoimmune-disease-symptoms,1,1,100%,1
https://drautoimmune.com/blog/what-is-hashimotos-disease/,0,9980,0%,89.35
https://drautoimmune.com/blog/what-is-lupus/,0,7361,0%,82.56
https://drautoimmune.com/blog/should-you-be-gluten-free-if-you-suffer-from-hypothyroidism/,0,4825,0%,68.51
https://drautoimmune.com/blog/dirty-dozen-list-popular-produce-full-of-pesticides/,0,4602,0%,56.51
https://drautoimmune.com/blog/the-connection-between-gut-health-and-autoimmune-disease/,0,3139,0%,62.42
https://drautoimmune.com/blog/what-is-sjogrens-syndrome/,0,2988,0%,19.67
https://drautoimmune.com/blog/what-is-clinical-nutrition/,0,2487,0%,70.04
https://drautoimmune.com/blog/signs-of-leaky-gut-syndrome-what-to-do/,0,1931,0%,88.26
https://drautoimmune.com/blog/seropositive-versus-seronegative-arthritis-understanding-the-differences-and-similarities/,0,1240,0%,53.86
https://drautoimmune.com/blog/benefits-of-probiotics/,0,1151,0%,85.28
https://drautoimmune.com/blog/what-is-irritable-bowel-syndrome-ibs/,0,1133,0%,45.63
https://drautoimmune.com/blog/signs-symptoms-of-low-thyroid/,0,1080,0%,80.94
https://drautoimmune.com/blog/gas-bloating-after-meals-what-gut-telling-you/,0,911,0%,83.3
https://drautoimmune.com/wellness-services/,0,770,0%,8.37
https://drautoimmune.com/blog/the-link-between-mental-health-and-antibiotics/,0,640,0%,57.61
https://drautoimmune.com/blog/stem-cells-can-they-help-paralysis/,0,584,0%,72.72
https://drautoimmune.com/blog/peyronies-disease-what-is-it-and-how-can-shockwave-therapy-help/,0,583,0%,67.1
https://drautoimmune.com/blog/hip-pain-solved-with-stem-cell-therapy/,0,572,0%,65.06
https://drautoimmune.com/blog/hashimotos-and-vitamin-d-supplementation/,0,534,0%,45.5
https://drautoimmune.com/blog/pots-mysterious-condition-behind-dizziness-brain-fog/,0,502,0%,46.78
https://drautoimmune.com/blog/alleviating-joint-pain-with-stem-cell-therapy/,0,492,0%,77.93
https://drautoimmune.com/blog/feeding-your-stems-cells/,0,479,0%,64.93
https://drautoimmune.com/blog/stem-cells-regrowth-of-cartilage/,0,455,0%,63.14
https://drautoimmune.com/blog/neurofeedback-training-brain/,0,429,0%,69.95
https://drautoimmune.com/multiple-sclerosis/,0,366,0%,27.51
https://drautoimmune.com/functional-medicine-doctor-help-autoimmune-flares/,0,354,0%,15.83
https://drautoimmune.com/blog/functional-neurology/,0,336,0%,90.84
https://drautoimmune.com/blog/necessary-nutrients-for-thyroid-disease-zinc-selenium-vitamin-d/,0,248,0%,20.1
https://drautoimmune.com/blog/why-is-collagen-important/,0,230,0%,60.6
https://drautoimmune.com/blog/what-can-your-poo-tell-you/,0,196,0%,77.4
https://drautoimmune.com/blog/hashimotos-awareness-the-top-ten-weak-links-in-hashimotos-thyroiditis/,0,187,0%,36.89
https://drautoimmune.com/blog/vitamin-d-to-fight-hashimotos-disease/,0,182,0%,38.96
https://drautoimmune.com/autoimmune-doctor-in-boulder-for-chronic-fatigue/,0,172,0%,5.22
https://drautoimmune.com/rheumatoid-arthritis/,0,150,0%,7.4
https://drautoimmune.com/inflammatory-bowel-disease/,0,140,0%,37.54
https://drautoimmune.com/blog/how-our-autoimmune-specialists-can-help/,0,139,0%,64.55
https://drautoimmune.com/blog/boosting-immunity-prebiotics-treg-cells/,0,131,0%,17.79
https://drautoimmune.com/products/mag-power-120c-srp?utm_source=shop_app&list_generator=feed_product_recommendations_also_bought,0,129,0%,61.26
https://drautoimmune.com/blog/hashimotos-and-hypothyroidism-natural-therapeutic-management/,0,129,0%,73.57
https://drautoimmune.com/blog/gluten-free-just-another-fad-diet/,0,128,0%,60.2
https://drautoimmune.com/blog/antibiotics-and-acid-blockers-a-link-to-allergies/,0,128,0%,85.79
https://drautoimmune.com/blog/pediatric-leaky-gut-could-this-be-holding-your-child-back/,0,122,0%,48.94
https://drautoimmune.com/blog/new-study-links-birth-control-pills-depression-really-isnt-head/,0,117,0%,59.68
https://drautoimmune.com/blog/iodine-therapy-could-be-making-thyroid-disease-worse/,0,113,0%,16.69
https://drautoimmune.com/blog/autoimmune-diseases-infections/,0,113,0%,40.31
https://drautoimmune.com/blog/hormones-101-part-3-insulin-resistance/,0,113,0%,54.31
https://drautoimmune.com/blog/understanding-gluten-celiac-disease-allergy-sensitivity-and-dr-autoimmunes-approach-to-healing/,0,111,0%,52.52
https://drautoimmune.com/hashimotos-thyroiditis-graves/,0,102,0%,33.11
https://drautoimmune.com/blog/autoimmune-patients-controlling-pain/,0,102,0%,58.29
https://drautoimmune.com/type-1-diabetes/,0,98,0%,22.93
https://drautoimmune.com/blog/causes-of-bacterial-dysbiosis/,0,98,0%,47.93
https://drautoimmune.com/blog/testing-inflammatory-markers/,0,95,0%,26.66
https://drautoimmune.com/blog/balloon-sinuplasty/,0,94,0%,33.4
https://drautoimmune.com/blog/1395-2/,0,92,0%,72.71
https://drautoimmune.com/blog/neurofeedback-for-add/,0,91,0%,72.22
https://drautoimmune.com/blog/autoimmunity-and-the-earth/,0,89,0%,22.47
https://drautoimmune.com/adhd-add/,0,88,0%,29.84
https://drautoimmune.com/blog/feeding-your-stem-cells/,0,84,0%,65.45
https://drautoimmune.com/blog/healthyguthealthythyroid/,0,81,0%,54.6
https://drautoimmune.com/understanding-leaky-gut-with-a-functional-medicine-doctor/,0,79,0%,8.19
https://drautoimmune.com/sjogrens-syndrome/,0,79,0%,12.3
https://drautoimmune.com/privacy-policy/,0,76,0%,7.62
https://drautoimmune.com/blog/t-cells/,0,71,0%,40.54
https://drautoimmune.com/autoimmune-friendly-nutrition-functional-medicine-doctor/,0,69,0%,14.88
https://drautoimmune.com/blog/a-hair-owing-dilemma/,0,69,0%,29.49
https://drautoimmune.com/products/collagen-power?utm_source=shop_app&list_generator=product_review,0,66,0%,31
https://drautoimmune.com/blog/diabetes-dementia-and-b12-deficiency/,0,64,0%,32.89
https://drautoimmune.com/blog/10-causes-autoimmune-disease/,0,64,0%,55.53
https://drautoimmune.com/sample-page/,0,63,0%,6.49
https://drautoimmune.com/discovery-call/,0,62,0%,6.29
https://drautoimmune.com/blog/gluten-intolerance-linked-to-pesticides/,0,61,0%,28.74
https://drautoimmune.com/blog/why-you-should-consider-functional-care/,0,55,0%,10.76
https://drautoimmune.com/blog/are-you-living-with-shoulder-pain/,0,55,0%,22.02
https://drautoimmune.com/category/gut-health/,0,50,0%,16.76
https://drautoimmune.com/blog/autism-spectrum-disorder-the-who-what-when-where-why/,0,50,0%,45.54
https://drautoimmune.com/blog/how-does-autoimmunity-start/,0,47,0%,22.47
https://drautoimmune.com/blog/premature-menstrual-cycles-what-are-the-consequences/,0,46,0%,48.74
https://drautoimmune.com/autoimmune-brain-fog-and-fatigue/,0,44,0%,11.32
https://drautoimmune.com/blog/a-ticking-lyme-bomb/,0,44,0%,30.32
https://drautoimmune.com/understanding-gluten-disorders-celiac-disease-allergy-and-sensitivity/,0,44,0%,37.43
https://drautoimmune.com/blog/rheumatoid-arthritis-the-interplay-between-food-the-gut-and-the-immune-system/,0,43,0%,48.95
https://drautoimmune.com/blog/functional-medicine-and-the-fight-against-covid-19/,0,42,0%,46.29
https://drautoimmune.com/blog/can-you-brush-and-floss-your-way-to-relieved-ra/,0,41,0%,21.05
https://drautoimmune.com/blog/rheumatoid-arthritis-the-smoking-gun/,0,39,0%,35.51
https://drautoimmune.com/blog/cholesterol-a-love-story/,0,38,0%,16.32
https://drautoimmune.com/blog/the-addadhd-brain-and-gut-connection/,0,38,0%,58.39
https://drautoimmune.com/blog/hypothyroidism-brain-immune-backtalk/,0,38,0%,65.13
https://drautoimmune.com/blog/hypothyroidism-treating-fire-with-fire/,0,35,0%,13.63
https://drautoimmune.com/blog/awakening-consciousness-through-healthy-brain-function/,0,35,0%,30.46
https://drautoimmune.com/blog/coaching-our-immune-systems-towards-vitality/,0,35,0%,56.23
https://drautoimmune.com/blog/page/3/,0,34,0%,11.41
https://drautoimmune.com/anxiety-depression/,0,32,0%,6.47
https://drautoimmune.com/blog/brain-camp-for-children-young-adults-2/,0,31,0%,13.35
https://drautoimmune.com/blog/a-rude-awakening/,0,29,0%,31.34
https://drautoimmune.com/understanding-functional-medicine-thyroid-care/,0,26,0%,9.27
https://drautoimmune.com/blog/adult-adha-add/,0,26,0%,28.73
https://drautoimmune.com/blog/is-it-fibromyalgia-or-thyroid/,0,25,0%,14.16
https://drautoimmune.com/blog/a-case-study-in-autoimmune-disease-part-3-treatment/,0,25,0%,14.72
https://drautoimmune.com/live-webinar-schedule/,0,25,0%,16
https://drautoimmune.com/blog/knee-pain/,0,24,0%,16.62
https://drautoimmune.com/blog/dysbiosis-as-a-crucial-indicator-in-covid-19-outcomes/,0,23,0%,18.65
https://drautoimmune.com/blog/why-acid-reflux-isnt-just-about-acid/,0,21,0%,9.81
https://drautoimmune.com/blog/probiotics-fad-or-fabulous/,0,19,0%,19.16
https://drautoimmune.com/blog/what-is-functional-medicine/,0,19,0%,21
https://drautoimmune.com/blog/what-to-do-after-hashimotos-diagnosis/,0,19,0%,47.79
https://drautoimmune.com/blog/women-in-medicine/,0,18,0%,12.11
https://drautoimmune.com/autoimmune-fatigue-high-altitude-lifestyle/,0,17,0%,8.29
https://drautoimmune.com/category/autoimmune-diseases/,0,16,0%,7.88
https://drautoimmune.com/blog/diabetes-diet/,0,16,0%,13.31
https://drautoimmune.com/blog/adhd-neurofeedback/,0,16,0%,13.62
https://drautoimmune.com/blog/natural-remedies-for-conquering-rheumatoid-arthritis/,0,16,0%,18.19
https://drautoimmune.com/blog/thyroid-sign-language-2/,0,16,0%,24.44
https://drautoimmune.com/blog/thyroidhappyhour/,0,16,0%,47.25
https://drautoimmune.com/blog/ptsd/,0,15,0%,10.8
https://drautoimmune.com/subject-line-unveiling-the-hidden-effects-of-birth-control-pills/,0,14,0%,11.71
https://drautoimmune.com/blog/the-covid-immune-connection/,0,13,0%,21.23
https://drautoimmune.com/products/immuno-power/?utm_source=shop_app&list_generator=product_review,0,13,0%,40.54
https://drautoimmune.com/author/developer/,0,12,0%,7.83
https://drautoimmune.com/blog/beyond-why-we-cant-just-be-getting-by-on-little-sleep/,0,12,0%,25.5
https://drautoimmune.com/blog/embrace-sleep-and-dramatically-improve-your-health/,0,12,0%,36.17
https://drautoimmune.com/blog/maybe-shes-born-with-it-maybe-its-her-microbes/,0,12,0%,59.75
https://drautoimmune.com/blog/top-7-foods-for-immune-support/,0,11,0%,26.18
https://drautoimmune.com/blog/endocrine-disrupters-and-type-2-diabetes/,0,11,0%,50.82
https://drautoimmune.com/mold-illness-often-mimics-autoimmune-disease-symptoms,0,10,0%,1
https://drautoimmune.com/author/developer/page/2/,0,10,0%,7.5
https://drautoimmune.com/blog/meet-the-master-manipulator-your-thyroid/,0,10,0%,21.3
https://drautoimmune.com/blog/microbiome/,0,10,0%,29.1
https://drautoimmune.com/blog/let-your-health-soar/,0,10,0%,30.6
https://drautoimmune.com/blog/healthier-gut-by-eating-these-foods-boulder-colorado/,0,10,0%,30.8
https://drautoimmune.com/blog/a-new-approach-for-knee-pain/,0,10,0%,47.7
https://drautoimmune.com/products/starter-pack?utm_source=shop_app&list_generator=shops_best_sellers,0,9,0%,7.78
https://drautoimmune.com/collections/best-sellers-test/,0,9,0%,8.67
https://drautoimmune.com/blog/gluten-intolerance-solely-a-gut-issue-right/,0,9,0%,71.56
https://drautoimmune.com/blog/depression-anxiety/,0,8,0%,12.75
https://drautoimmune.com/blog/causes-of-bacterial-dysbiosis,0,7,0%,7.86
https://drautoimmune.com/blog/top-10-reasons-thyroid-patients-fail-to-heal/,0,7,0%,8.43
https://drautoimmune.com/blog/thyroid-health/,0,7,0%,13.57
https://drautoimmune.com/blog/anxiety-depression-relief/,0,6,0%,39
https://drautoimmune.com/blog/a-case-study-in-autoimmune-disease-part-2-testing/,0,6,0%,40.17
https://drautoimmune.com/products/epa-dha-power-200mg-ec-120c?utm_source=shop_app&list_generator=feed_product_recommendations_also_bought,0,6,0%,44.67
https://drautoimmune.com/blog/coronavirus-and-natural-supplementation/,0,6,0%,46
https://drautoimmune.com/products/collagen-power?utm_source=shop_app&list_generator=feed_product_recommendations_also_bought,0,5,0%,23.6
https://drautoimmune.com/blog/long-covid-doesnt-need-to-be-exhausting/,0,5,0%,57.4
https://drautoimmune.com/products/methyl-power-120c?utm_source=shop_app&list_generator=feed_product_recommendations_also_bought,0,4,0%,5
https://drautoimmune.com/signs-gut-may-be-driving-autoimmune-flares,0,3,0%,1
https://drautoimmune.com/blog/what-is-functional-medicine-2/,0,3,0%,5.33
https://drautoimmune.com/blog/18-month-pregnancy/,0,3,0%,10.67
https://drautoimmune.com/autoimmune-skin-clues-gut-health-trouble,0,2,0%,1
https://drautoimmune.com/i-eat-clean-why-do-i-feel-sick/,0,2,0%,1
https://drautoimmune.com/signs-gut-driving-autoimmune-flares/,0,2,0%,1
https://drautoimmune.com/why-your-pots-symptoms-still-dont-make-sense-and-what-your-body-may-be-trying-to-tell-you,0,2,0%,1
https://drautoimmune.com/blog/how-to-improve-your-metabolism-naturally,0,2,0%,2
https://drautoimmune.com/conditions/undefined/,0,2,0%,4
https://drautoimmune.com/blog/autoimmune-lasers/,0,2,0%,6
https://drautoimmune.com/blog/addadhd-blog/,0,2,0%,8
https://drautoimmune.com/category/chronic-inflammation/,0,2,0%,8.5
https://drautoimmune.com/blog/do-low-carb-diets-promote-weight-loss/,0,2,0%,10.5
https://drautoimmune.com/autoimmune-patients-controlling-pain/,0,2,0%,76
https://drautoimmune.com/blog/12-habits-to-make-your-new-year-a-healing-one/,0,2,0%,94.5
https://drautoimmune.com/Graves-disease,0,1,0%,1
https://drautoimmune.com/a-glass-of-dysbiosis-autoimmunity,0,1,0%,1
https://drautoimmune.com/autoimmune-thyroid-symptoms-when-tsh-looks-normal,0,1,0%,1
https://drautoimmune.com/grapes-disease,0,1,0%,1
https://drautoimmune.com/i-clean-clean-why-do-i-still-feel-sick/,0,1,0%,1
https://drautoimmune.com/mold-illness-forme-autoimmune-disease-symptoms/,0,1,0%,1
https://drautoimmune.com/mold-illness-mimics-autoimmune-disease-symptoms,0,1,0%,1
https://drautoimmune.com/mold-illness-often-migrates-autoimmune-disease-symptoms/...,0,1,0%,1
https://drautoimmune.com/mold-illness-often-migrates-symptoms,0,1,0%,1
https://drautoimmune.com/mold-illness-often-mimics-autoimmune-disease-症状,0,1,0%,1
https://drautoimmune.com/mold-illness-often-mystery-autoimmune-labe,0,1,0%,1
https://drautoimmune.com/mold-illness-similar-autoimmune-symptoms,0,1,0%,1
https://drautoimmune.com/mold-illness-towards-gray/,0,1,0%,1
https://drautoimmune.com/mold-illness-with-autoimmune-disease-symptoms,0,1,0%,1
https://drautoimmune.com/pots-treatment-looking-beyond-salt-and-medications-with-functional-/,0,1,0%,1
https://drautoimmune.com/products/git-power-60c?utm_source=shop_app&list_generator=feed_product_recommendations_also_bought,0,1,0%,1
https://drautoimmune.com/root-candles-of-anemia-and-low-ferritin/,0,1,0%,1
https://drautoimmune.com/root-causes-and-anemia-and-low-ferritin,0,1,0%,1
https://drautoimmune.com/root-causes-of-and-low-ferritin/,0,1,0%,1
https://drautoimmune.com/root-causes-of-anemia-and-low-ferritin,0,1,0%,1
https://drautoimmune.com/root-causes-of-anhydrous-and-low-ferritin,0,1,0%,1
https://drautoimmune.com/signs-gut-driving-autoimmune-flares,0,1,0%,1
https://drautoimmune.com/signs-gut-matching-autoimmune-flares,0,1,0%,1
https://drautoimmune.com/signs-gut-may-dreiving-autoimmune-flares/,0,1,0%,1
https://drautoimmune.com/signs-gut-why-is-my-body-attacking-itself,0,1,0%,1
https://drautoimmune.com/the-hidden-link-between-gut-health-autoimmune-disease,0,1,0%,1
https://drautoimmune.com/why-mold-illness-often-mimics-autoimmune-disease-symptoms,0,1,0%,1
https://drautoimmune.com/why-mold-illness-often-mimics-autoimmune-disease-symptoms/,0,1,0%,1
https://drautoimmune.com/why-your-pots-symptoms-dont-make-sense-and-what-your-body,0,1,0%,1
https://drautoimmune.com/why-your-pots-symptoms-still-dont-make-sense-and-what-their-body-may-be-trying-to-tell-you/,0,1,0%,1
https://drautoimmune.com/why-your-pots-symptoms-still-dont-make-sense-and-what-your-body,0,1,0%,1
https://drautoimmune.com/why-your-pots-symptoms-still-dont-make-sense-and-what-your-body-may-be-trying-to-sign,0,1,0%,1
https://drautoimmune.com/why-your-pots-symptoms-still-dont-make-sense-and-what-your-body-may-be-trying-to-tell-your,0,1,0%,1
https://drautoimmune.com/why-your-pots-symptoms-still-dont-make-sense-and-what-your-body-may...,0,1,0%,1
https://drautoimmune.com/why-your-pots-symptoms-still-dont-make-sense-and-your-body,0,1,0%,1
https://drautoimmune.com/why-your-pots-symptoms-still-dont-make-sense-and-your-body-may-be-trying-to-tell-you,0,1,0%,1
https://drautoimmune.com/why-your-pots-symptoms-still-dont-make-seven-still-dont-make-sense-and-what-your-body-may-be-trying-to-tell-you,0,1,0%,1
https://drautoimmune.com/why-your-pots-syngths-still-dont-make-sense-and-what-your-body-may-be-trying-to-tell-you/,0,1,0%,1
https://drautoimmune.com/blog/page/5/,0,1,0%,2
https://drautoimmune.com/blog/keep-it-fresh/,0,1,0%,3
https://drautoimmune.com/blog/gluten-free-but-not-symptom-free/,0,1,0%,4
https://drautoimmune.com/blog/blog-jan42018/,0,1,0%,6
https://drautoimmune.com/category/hormonal-health/,0,1,0%,8
https://drautoimmune.com/blog/early-life-medications-allergies/,0,1,0%,10
https://drautoimmune.com/blog/junior-joint-pain/,0,1,0%,11
https://drautoimmune.com/media/662ac283336e95ff08c4f229/original.webp,0,1,0%,17
https://drautoimmune.com/media/662ac261336e95ff08c4f1e7/original.webp,0,1,0%,18
https://drautoimmune.com/media/662ac2b7336e95ff08c4f281/medium.webp,0,1,0%,20
https://drautoimmune.com/blog/achieve-a-healthier-gut-by-eating-these-foods/,0,1,0%,83