Top queries,Clicks,Impressions,CTR,Position
dr autoimmune,3024,5125,59%,1.2
dr. autoimmune,476,972,48.97%,1.24
drautoimmune,341,545,62.57%,1.12
dr autoimmune patient portal,164,510,32.16%,2.01
dr auto immune,150,334,44.91%,1.31
dr autoimmune reviews,137,1268,10.8%,2.82
meat stock vs bone broth,81,3306,2.45%,5.23
dr ian hollaman,75,384,19.53%,1.27
theia cgm,42,931,4.51%,3.03
dr autoimmune methyl power,41,43,95.35%,1
theia glucose monitor,33,520,6.35%,2.65
methyl power,32,56,57.14%,1.34
meat broth vs bone broth,30,660,4.55%,5.18
doctor autoimmune,27,74,36.49%,3.97
https://drauto.innovativemedicalcenters.com/leakygut,26,54,48.15%,1.33
theia health,21,1535,1.37%,6.43
dr autoimmune cost,21,72,29.17%,1.36
difference between meat stock and bone broth,19,616,3.08%,5.42
bone broth vs meat stock,16,723,2.21%,5.7
pmf frequency,16,134,11.94%,3.92
theia health cgm,13,227,5.73%,2.74
black seed oil autoimmune disease,11,330,3.33%,6.23
black seed oil autoimmune,11,270,4.07%,5.54
"hi, here's the link to our leaky gut guide: please copy and paste to your 
browser 🙌 https://drauto.innovativemedicalcenters.com/leakygut",10,31,32.26%,1.35
dr autoimmune tiktok,9,55,16.36%,3.73
immuno power,8,195,4.1%,6.51
what is meat stock,6,372,1.61%,4.37
black seed oil for auto immune,6,241,2.49%,6.01
nac power,6,186,3.23%,5.59
theia health reviews,6,180,3.33%,5.94
black seed oil for ms,5,303,1.65%,8.52
dhea for lupus,5,200,2.5%,7.09
black seed oil benefits for autoimmune disease,5,147,3.4%,4.56
pmf devices,4,140,2.86%,7.5
bone broth vs meat broth,4,138,2.9%,4.7
low dhea and autoimmune disease,4,126,3.17%,8.2
black cumin seed oil autoimmune,4,53,7.55%,4.66
theia continuous glucose monitor,4,24,16.67%,2.25
autoimmune doctor,3,3674,0.08%,30.76
immunopower,3,263,1.14%,7.28
dhea and lupus,3,200,1.5%,11.03
grd power,3,165,1.82%,5.41
zinc carnosine acne,3,158,1.9%,6.69
what is meat stock vs bone broth,3,145,2.07%,5.99
pmf physical therapy,3,120,2.5%,4.52
dhea lupus,3,100,3%,13.14
black seed oil multiple sclerosis,3,91,3.3%,7.71
dhea and autoimmune disease,3,50,6%,9.3
nad autoimmune,3,22,13.64%,10.32
dr autoimun,3,9,33.33%,4
n-acetylcysteine,2,1227,0.16%,61.8
pmf treatment,2,831,0.24%,10.55
zinc carnosine benefits,2,395,0.51%,46.66
non autologous,2,319,0.63%,6.2
magnesium and autoimmune disease,2,297,0.67%,10.63
resolve power,2,237,0.84%,6.81
difference between bone broth and meat stock,2,203,0.99%,5.07
lupus ana pattern,2,194,1.03%,14.51
nad and autoimmune disease,2,108,1.85%,8.26
what is the difference between meat stock and bone broth,2,105,1.9%,8.02
theia health cost,2,61,3.28%,5.61
black cumin oil autoimmune,2,35,5.71%,5.03
zinc carnosine for acne,2,20,10%,5.95
dr. autoimmune reviews,2,14,14.29%,1.57
ian hollaman,2,6,33.33%,1
low iron symptoms female,1,2059,0.05%,77.42
nac,1,1174,0.09%,84.51
methylated b vitamins,1,914,0.11%,43.57
functional medicine eczema,1,498,0.2%,60.24
black seed oil and ms,1,279,0.36%,8
gut power,1,275,0.36%,10.83
collagen power,1,261,0.38%,13.35
low ferritin symptoms female,1,250,0.4%,77.23
non-autologous,1,224,0.45%,7.4
pmf therapy,1,218,0.46%,8.55
pmf,1,201,0.5%,63.95
magnesium for autoimmune disease,1,184,0.54%,10.7
methylated vitamin b,1,184,0.54%,26.93
what is methylated vitamins,1,153,0.65%,43.16
estrogen dominance and insulin resistance,1,151,0.66%,11.62
pmf technology,1,140,0.71%,5.14
glutathione and autoimmune disease,1,140,0.71%,5.76
methylated b vitamins side effects,1,118,0.85%,61.78
magnesium and autoimmune,1,112,0.89%,10.71
ana pattern homogeneous,1,103,0.97%,50.12
black seed oil and autoimmune conditions,1,100,1%,5.82
immunopower supplement,1,95,1.05%,6.49
black seed oil ms,1,89,1.12%,7.96
immunoxym,1,87,1.15%,10.62
difference between acute and chronic inflammation,1,84,1.19%,42.38
vitamin b methylated,1,82,1.22%,30.68
progesterone and cortisol,1,81,1.23%,20.96
methylated b vitamins benefits,1,80,1.25%,35.2
pmf medical,1,79,1.27%,75.42
methylated b vitamins meaning,1,74,1.35%,7.77
what is the difference between bone broth and meat stock,1,70,1.43%,7.23
n-acetylcysteine benefits,1,69,1.45%,67.28
is nad good for autoimmune disease,1,67,1.49%,4.04
cupping therapy for anxiety,1,64,1.56%,85.5
pmf healing,1,59,1.69%,7.85
how much glutathione for autoimmune disease,1,57,1.75%,19.89
homogeneous ana pattern,1,57,1.75%,48.3
autoimmune wellness website,1,56,1.79%,6.39
nad for autoimmune disease,1,48,2.08%,2.77
can you have inflammation with normal crp,1,43,2.33%,11.53
autoimmune magnesium,1,43,2.33%,11.72
una evoo,1,41,2.44%,3.29
ana pattern lupus,1,39,2.56%,12.33
top autoimmune doctors near me,1,36,2.78%,43.19
autoimmune bloating,1,35,2.86%,8.26
dhea autoimmune,1,35,2.86%,12.29
speckled ana pattern,1,35,2.86%,43.4
dr. ian hollaman,1,33,3.03%,1.12
methylated b,1,33,3.03%,28.79
min power,1,32,3.12%,6.28
live o2 reviews,1,32,3.12%,13.16
autoimmune doc,1,31,3.23%,9.16
osteoarthritis functional medicine,1,31,3.23%,21.68
pmf device,1,30,3.33%,12.4
are methylated vitamins better for you,1,27,3.7%,22.37
the autoimmune hour,1,26,3.85%,4
h pylori and hashimoto's disease,1,26,3.85%,12.5
does zinc carnosine heal leaky gut,1,24,4.17%,2.29
pmf session,1,23,4.35%,3.91
autoimmune hypertension,1,23,4.35%,18.57
functional medicine for arthritis,1,19,5.26%,24.11
doctor who specializes in autoimmune diseases,1,17,5.88%,51.47
dr immune,1,16,6.25%,13.5
celiac disease ana pattern,1,16,6.25%,18.81
bone broth to heal leaky gut,1,15,6.67%,45.27
vida olive oil,1,13,7.69%,9.08
black cumin seed oil and ms,1,11,9.09%,7.09
alpha lipoic acid and lupus,1,11,9.09%,8.45
nac immune,1,11,9.09%,38.09
zinc carnosine for ibs,1,10,10%,18.7
nac for autoimmune disease,1,9,11.11%,25.33
pmf therapie,1,8,12.5%,8.38
cytoplasmic ana pattern lupus,1,8,12.5%,21
black seed oil for rheumatoid arthritis,1,7,14.29%,21.29
mins power,1,6,16.67%,3.83
benefits of meat stock,1,6,16.67%,8.33
n - acetylcysteine,1,6,16.67%,57
what is methylation vitamins,1,5,20%,27.4
autoimmune holistic doctor near me,1,4,25%,4.75
alpha lipoic acid autoimmune,1,4,25%,25.75
methylated vit b,1,4,25%,37
remote medical office manager jobs,1,3,33.33%,1
pmf technique,1,3,33.33%,2
stevia autoimmune,1,3,33.33%,17.67
theia cgm pricing,1,2,50%,2
pots,1,2,50%,2.5
zinc carnosine candida,1,2,50%,15.5
zinc carnosine gut,1,2,50%,56.5
autoimmune that causes low ferritin,1,1,100%,1
clinic office manager jobs,1,1,100%,1
functional medicine allergist,1,1,100%,1
autoimmune and eye issues,1,1,100%,3
augen,1,1,100%,6
ana and celiac,1,1,100%,16
black seed oil for ra,1,1,100%,20
ibd functional medicine,1,1,100%,21
high ana homogeneous pattern,1,1,100%,41
n acetylcysteine,0,1824,0%,63.49
clinical nutrition,0,1638,0%,79.62
hashimoto's disease,0,1594,0%,91.06
anemia symptoms in women,0,1487,0%,73.8
what is lupus,0,1383,0%,76.42
autoimmune disease doctor,0,1249,0%,53.95
methylated vitamins,0,1231,0%,42.98
what is nac supplement,0,1228,0%,64.8
n acetyl cysteine,0,1208,0%,56.47
autoimmune specialist denver,0,1200,0%,37.7
symptoms of anemia in women,0,1027,0%,77.7
sjögren's syndrome symptoms,0,980,0%,5.1
autoimmune dr,0,969,0%,12.16
hashimoto disease,0,920,0%,93.22
positive ana test,0,859,0%,73.51
what is nac,0,824,0%,66.52
high ferritin,0,820,0%,71.95
signs of low iron in women,0,818,0%,61.65
hashimoto,0,814,0%,85.67
what are methylated vitamins,0,775,0%,46.47
ana positive,0,758,0%,77.06
dirty dozen foods,0,736,0%,54.85
auto immune doctor,0,727,0%,28.75
n-acetyl cysteine,0,663,0%,50.58
hashimotos disease,0,660,0%,94.39
what causes lupus,0,653,0%,89.48
sjogrens symptoms,0,651,0%,4.96
ana test positive,0,648,0%,74.07
autoimmune skin disease,0,633,0%,89.05
what is clinical nutrition,0,629,0%,50.58
ana test positive symptoms,0,628,0%,76.98
autologous vs nonautologous,0,626,0%,6.41
autoimmune skin conditions,0,611,0%,84.84
positive ana,0,541,0%,73.64
holistic autoimmune doctor,0,534,0%,41.23
signs of anemia in women,0,532,0%,64.18
what does a positive ana mean,0,520,0%,69.62
functional medicine approach to eczema,0,506,0%,52.72
autoimmune skin diseases,0,496,0%,87.31
acetylcysteine,0,494,0%,78.35
hashimoto autoimmune,0,488,0%,88.24
ana positive test,0,482,0%,73.12
can birth control affect your thyroid,0,471,0%,42.85
hashimotos,0,463,0%,94.4
dirty dozen list,0,455,0%,55.63
ferritin high,0,444,0%,73.07
what is hashimoto's disease,0,438,0%,85.58
hypothyroidism gluten,0,434,0%,70.71
methylation vitamins,0,432,0%,47.8
leaky gut symptoms,0,432,0%,88.12
raynaud's syndrome autoimmune,0,428,0%,64.51
why are methylated vitamins better,0,416,0%,29.82
autoimmune specialist near me,0,415,0%,12.37
low thyroid symptoms,0,411,0%,83.97
autoimmune doctor near me,0,403,0%,56.69
ana test for celiac disease,0,400,0%,24.61
lupus causes,0,400,0%,87.71
vitamin d immune system,0,394,0%,70.77
autoimmune specialist,0,367,0%,68.5
birth control and hypothyroidism,0,357,0%,42.99
vitamin d and immune system,0,355,0%,64.2
rheumatoid arthritis functional medicine,0,353,0%,61.99
what does it mean when ana is positive,0,348,0%,76.53
how do you get lupus,0,346,0%,84.88
what does high ferritin mean,0,333,0%,43.33
doctor for autoimmune,0,332,0%,23.72
immune doctor,0,330,0%,29.95
low iron symptoms women,0,327,0%,76.38
black seed oil for immune system,0,323,0%,42.2
high ferritin level,0,319,0%,74.63
ana positive meaning,0,318,0%,71.69
hashimoto's,0,313,0%,94.05
is raynaud's syndrome an autoimmune disease,0,300,0%,67.92
long term antihistamine use,0,297,0%,49.02
can gluten free diet help hypothyroidism,0,294,0%,54.03
probiotics benefits,0,293,0%,88.82
nonautologous,0,292,0%,10.96
iron deficiency symptoms in women,0,287,0%,79.84
iron levels for women,0,285,0%,90.62
high ferritin levels,0,283,0%,76.36
autoimmune supplements,0,282,0%,79.69
what is nac used for,0,281,0%,70.73
what does high ferritin indicate,0,277,0%,16.38
multivitamins immunopower,0,272,0%,7.22
birth control and thyroid,0,272,0%,46.18
acetyl cysteine,0,265,0%,56.95
gut health and autoimmune disease,0,265,0%,59.83
signs of anemiin women,0,263,0%,55.05
power collagen,0,260,0%,22.14
methyl b complex benefits,0,259,0%,61.37
antihistamine side effects long term,0,258,0%,66.08
sjogrens,0,257,0%,87.4
gluten and thyroid,0,255,0%,83.5
bloating after meals,0,255,0%,86.71
is pots an autoimmune disease,0,251,0%,45.95
benefits of probiotics,0,250,0%,78.85
immune power,0,249,0%,30.95
b vitamins methylation,0,249,0%,54.16
showgrens,0,247,0%,10.76
stem cell for joint pain,0,247,0%,79.11
gluten and hypothyroidism,0,245,0%,66.14
positive ana meaning,0,244,0%,71.61
gut health and autoimmune disorders,0,243,0%,57.63
skin autoimmune diseases,0,243,0%,84.04
holistic doctor for crohn's disease,0,241,0%,81.95
ana positive conditions,0,240,0%,84.41
lupus,0,235,0%,83.3
autoimmune diseases skin,0,231,0%,82.52
functional medicine and rheumatoid arthritis,0,230,0%,62.26
shockwave therapy for peyronie's disease,0,228,0%,68.36
antihistamine side effects long-term,0,226,0%,65.44
autoimmune rash,0,226,0%,96.47
holistic autoimmune doctor near me,0,224,0%,65.92
signs of leaky gut,0,224,0%,78.75
hashimoto autoimmune disease,0,224,0%,86.11
seropositive rheumatoid arthritis,0,222,0%,73.3
hashimotos autoimmune disease,0,222,0%,89.77
pediatric autoimmune diseases,0,219,0%,66.47
vitamin b pcos,0,216,0%,38.32
vitamin b12 for pcos,0,216,0%,55.18
nac benefits,0,215,0%,81.76
autoimmune functional medicine,0,213,0%,45.08
does hashimoto's cause vitamin d deficiency,0,213,0%,50.45
can stem cells regrow cartilage,0,213,0%,67.12
is ibs an autoimmune disease,0,210,0%,43.31
vitamin b12 and pcos,0,210,0%,53.33
what does a high ferritin level mean,0,208,0%,50.97
leaky gut syndrome symptoms,0,208,0%,90.9
autoimmune skin disorders,0,207,0%,90.96
skin autoimmune disease,0,206,0%,86.87
coconut oil for autoimmune disease,0,205,0%,15.95
methylation vitamin b,0,204,0%,40.15
long term use benadryl,0,203,0%,56.03
pcos vitamin b,0,202,0%,43.28
hypothyroidism and gluten,0,201,0%,65.45
acetylcysteine uses,0,201,0%,72.65
ana positive means,0,201,0%,75.13
hashimoto s disease,0,201,0%,91.07
autoimmune nutritionist boulder co,0,200,0%,5.25
mag power,0,200,0%,14.91
methylated b complex benefits,0,200,0%,52.86
what is n acetylcysteine,0,200,0%,61.44
neurofeedback training,0,200,0%,84.95
autologous,0,200,0%,91.05
b vitamins pcos,0,199,0%,37.75
signs of iron deficiency in women,0,198,0%,74.41
autoimmune protocol doctor boulder,0,197,0%,2.83
auto immune doctor near me,0,196,0%,45.54
hashimoto's autoimmune disease,0,196,0%,85.54
autoimmune diet doctor boulder,0,195,0%,1.82
methylated b vitamins mthfr,0,195,0%,30.25
benefit of methylated vitamins,0,195,0%,41.07
vitamin b12 pcos,0,195,0%,52.91
benadryl long term side effects,0,195,0%,61.59
vitamin b and pcos,0,194,0%,37.44
autoimmune disease rash,0,194,0%,95.2
autoimmune doctor boulder colorado,0,193,0%,2.08
reverse autoimmune disease boulder,0,193,0%,2.27
holistic autoimmune treatment boulder,0,193,0%,6.34
vitamin d3 immune system,0,192,0%,52.34
what is hashimotos disease,0,192,0%,84.3
is black seed oil good for rheumatoid arthritis,0,191,0%,18.01
black seed oil and joint pain,0,191,0%,37.98
nac medicine,0,191,0%,64.71
what is methylated vitamin b,0,190,0%,38.55
what diseases can cause a positive ana,0,190,0%,86.66
lupus meaning,0,190,0%,91.86
n acetylcysteine uses,0,189,0%,70.96
rheumatoid arthritis functional medicine boulder,0,188,0%,2.37
meat stock,0,188,0%,20.39
functional medicine approach to rheumatoid arthritis,0,188,0%,53.54
pcos vitamin b12,0,188,0%,55.65
power gut repair,0,187,0%,30.91
autoimmune near me,0,187,0%,67.17
vitamin b complex and pcos,0,186,0%,47.93
pots autoimmune,0,186,0%,54.74
anemia symptoms women,0,185,0%,68.52
vitamins for hashimoto's disease,0,185,0%,72.23
women iron deficiency symptoms,0,185,0%,75.15
what is lupus disease,0,185,0%,81.63
benadryl long term,0,184,0%,52.38
zinc carnosine leaky gut,0,182,0%,14.34
cupping for anxiety,0,182,0%,68.29
benadryl long term effects,0,181,0%,53.95
hashimoto's and vitamin d deficiency,0,180,0%,49.52
functional neurologist,0,180,0%,97.9
stem cell therapy for hip pain,0,179,0%,78.99
autoimmune disease in child,0,178,0%,68.03
symptoms of leaky gut,0,178,0%,79.21
holistic approach to autoimmune disease,0,177,0%,45.88
functional medicine rheumatoid arthritis,0,177,0%,61.81
hypothyroidism and birth control,0,176,0%,44.37
hypothyroidism and gluten free diet,0,174,0%,67.37
n acetyl cysteine uses,0,173,0%,70.72
functional medicine for rheumatoid arthritis,0,166,0%,62.67
n-acetylcysteine uses,0,166,0%,71.61
advantages of probiotics,0,165,0%,84.83
methylation b12,0,164,0%,51.55
long-term benadryl use,0,162,0%,53.56
antihistamine long term side effects,0,162,0%,67
what is a low iron level for a woman,0,162,0%,90.63
dirty dozen food list,0,160,0%,50.84
diphenhydramine long term side effects,0,160,0%,58.77
autoimmune disease and gut health,0,160,0%,63.53
hashimoto thyroid disease,0,159,0%,89.27
auto immune dr,0,158,0%,10.51
autoimmune wellness specialists indianapolis,0,158,0%,33.18
dirty dozen produce,0,158,0%,41.13
the dirty dozen foods,0,158,0%,64.93
thyroid and gluten free diet,0,158,0%,67.52
skin manifestations of autoimmune disease,0,158,0%,73.49
autoimmune skin condition,0,157,0%,87.29
pots autoimmune disease,0,154,0%,55.33
bone broth vs stock,0,154,0%,60.04
chicken or beef bone broth for gut health,0,153,0%,69.7
magpower,0,152,0%,53.89
is black seed oil good for arthritis,0,151,0%,27.34
autoimmune digestive issues,0,151,0%,50.46
long term use of antihistamines,0,151,0%,59.42
benadryl side effects long-term,0,150,0%,61.75
autoimmune skin lesions,0,150,0%,84.65
immunity chiropractor boulder co,0,149,0%,44.12
immune power supplement,0,149,0%,48.07
chiropractor for immunity boulder co,0,149,0%,61.13
black cumin seed oil immune system,0,148,0%,30.95
diphenhydramine side effects long term,0,148,0%,64.78
gut health autoimmune,0,147,0%,58.58
caffeine and cortisol,0,147,0%,68.61
gut autoimmune disease,0,146,0%,58.6
iron deficiency symptoms in females,0,146,0%,78.12
gas after eating,0,146,0%,80.77
autoimmune fatigue doctor boulder,0,145,0%,17.18
autoimmune disease-associated hypertension,0,145,0%,29.37
whats lupus,0,144,0%,74.76
gluten free diet for thyroid,0,144,0%,75.04
autoimmune gut disorders,0,143,0%,58.45
what is n acetylcysteine used for,0,143,0%,59.22
lupus what is it,0,143,0%,75.3
skin conditions autoimmune,0,143,0%,82.55
what is a methylated vitamin,0,141,0%,43.13
dr for autoimmune,0,139,0%,15.82
benefits of methylated vitamins,0,139,0%,31.42
autoimmune disease digestive system,0,139,0%,53.51
long term benadryl side effects,0,139,0%,60.51
gluten free diet for underactive thyroid,0,139,0%,60.8
elevated ferritin level,0,139,0%,68.53
n-acetyl-cysteine,0,138,0%,47.01
what does lupus do,0,138,0%,77.48
symptoms of anaemia in females,0,138,0%,77.8
does caffeine increase cortisol,0,137,0%,73.13
high ferritin causes,0,137,0%,74.73
benadryl long-term side effects,0,136,0%,62.24
diphenhydramine side effects long-term,0,136,0%,66.04
long-term side effects of benadryl,0,133,0%,68.86
symptoms of low iron in women,0,132,0%,76.11
gluten and underactive thyroid,0,132,0%,76.43
what causes leaky gut,0,132,0%,89.2
what does cold laser therapy do,0,131,0%,87.34
probiotic benefits,0,131,0%,91.54
autoimmune skin disorder,0,131,0%,91.65
non autologous meaning,0,129,0%,7.71
is magnesium good for autoimmune disease,0,129,0%,9.84
side effects of long term benadryl use,0,129,0%,63.84
define lupus,0,129,0%,78.24
what does lupus do to the body,0,129,0%,83.12
ana titer 1:320 multiple sclerosis,0,128,0%,53.35
hashimoto's disease and vitamin d deficiency,0,127,0%,46.42
electromagnetic+frequency+healing,0,127,0%,64
zinc l carnosine benefits,0,127,0%,78.94
can stem cells regenerate cartilage,0,126,0%,59.44
ferritin levels high,0,126,0%,77.12
iron deficiency in women,0,126,0%,78.21
autoimmune disease children,0,125,0%,70.05
benadryl bad for you,0,125,0%,79.67
skin condition autoimmune,0,125,0%,84.26
functional medicine approach to crohn's disease,0,124,0%,34.9
what is a nac,0,124,0%,65.22
methyl vitamins,0,123,0%,39.07
n acetylcysteine benefits,0,123,0%,66.1
what is hashimoto's,0,123,0%,82.01
nad+ autoimmune,0,122,0%,20.57
caffeine cortisol,0,122,0%,68.72
what is n acetyl cysteine,0,122,0%,71.69
site:drautoimmune.com,0,121,0%,13.59
dr for autoimmune disease,0,121,0%,26.93
natural doctor autoimmune disease,0,121,0%,50.26
side effects of long term use of benadryl,0,121,0%,66.26
low thyroid and gluten,0,120,0%,69.66
what is lupis,0,120,0%,75.47
ana blood test positive,0,120,0%,87.09
is ibs autoimmune,0,119,0%,41.26
folate for pcos,0,119,0%,60.34
lupus specialist boulder co,0,118,0%,37.11
nac medication,0,118,0%,61.92
symptoms of iron deficiency in women,0,118,0%,77.19
lupus disease,0,118,0%,88.03
grd,0,117,0%,8.56
autoimmune disease stomach bloating,0,117,0%,31.55
low iron symptoms in women,0,117,0%,71.12
what's lupus,0,117,0%,76.09
high ferritin levels causes,0,116,0%,87.54
long term diphenhydramine use,0,115,0%,19.77
autoimmune diseases in children,0,115,0%,65.93
ferritin level high,0,115,0%,75.37
autoimmune skin rash,0,115,0%,93.29
nonautologous tissue,0,114,0%,7.79
functional approach crohn s,0,114,0%,26.39
glutathione for autoimmune,0,113,0%,4.08
methylated b multivitamin,0,113,0%,33.94
folate pcos,0,113,0%,62.2
can antibiotics cause depression,0,112,0%,56.55
long term effects of benadryl,0,112,0%,60.63
is raynaud's an autoimmune disease,0,112,0%,66.82
positive ana test meaning,0,112,0%,77.12
beef bone broth gut health,0,112,0%,81.25
thyroid detox,0,111,0%,37.77
beef vs chicken bone broth,0,111,0%,64.88
what is neurofeedback training,0,111,0%,75.25
autoimmune stomach issues,0,110,0%,58.84
is chicken or beef bone broth better for gut health,0,110,0%,60.13
can mold cause autoimmune diseases,0,110,0%,61.45
autoimmune disease in children,0,110,0%,70.48
liveo2,0,109,0%,37.17
autoimmune health reset,0,109,0%,59.97
what is dangerously high ferritin levels,0,109,0%,81.8
methylated vitamins meaning,0,108,0%,9.31
positive ana means,0,108,0%,67.29
cortisol and progesterone,0,107,0%,17.99
black seed oil and arthritis,0,107,0%,26.03
black seed oil for arthritis,0,107,0%,30.02
holistic approach to autoimmune diseases,0,107,0%,64.8
what is a methylated multivitamin,0,106,0%,40.5
do antibiotics cause depression,0,106,0%,60.54
doctor for autoimmune diseases,0,106,0%,64.34
ana positive indicates,0,106,0%,71.22
autoimmune disease specialist,0,106,0%,73.1
symptoms of low thyroid,0,106,0%,82.82
is irritable bowel syndrome an autoimmune disease,0,105,0%,36.16
functional autoimmune arthritis,0,105,0%,44.15
autoimmune disease hashimoto,0,105,0%,82.31
positive ana blood test,0,105,0%,86.75
high ferritin symptoms,0,105,0%,88.84
cause of lupus,0,105,0%,90.86
hashimotos' disease,0,105,0%,93.5
autoimmune doctors near me,0,104,0%,51.04
peyronies shockwave therapy,0,104,0%,66.86
beef bone broth for gut health,0,104,0%,73.93
what is lupus disease and symptoms,0,104,0%,84.35
does hashimoto's make your immune system weaker,0,103,0%,37.55
lllt thyroid,0,103,0%,56.59
underactive thyroid and gluten free diet,0,103,0%,71.77
bone broth for gut healing,0,103,0%,72.37
what are hashimoto,0,103,0%,78.25
iron levels in women,0,103,0%,85.11
autoimmune disease skin,0,103,0%,85.17
what is the cause of hashimoto's disease,0,103,0%,94.38
magnesium immune system,0,102,0%,63.67
what is a positive ana,0,102,0%,71.68
what is hashimoto disease,0,102,0%,90.79
gut health and autoimmune diseases,0,101,0%,63.86
magnesium autoimmune,0,100,0%,11.91
benefits of zinc carnosine,0,100,0%,44.75
ana test positive meaning,0,100,0%,69.64
misconceptions of thyroid eye disease,0,100,0%,90.51
can antibiotics make you depressed,0,99,0%,62.19
causes of high ferritin,0,99,0%,84.75
iron deficiency symptoms women,0,98,0%,79.98
is hashimoto's an autoimmune disease,0,98,0%,86.63
what is the nac,0,97,0%,73.57
lupus autoimmune disease,0,96,0%,78.77
vitamin d and immunity,0,95,0%,67.99
functional medicine for autoimmune disorders,0,95,0%,68.22
symptoms of low iron female,0,95,0%,80.05
skin lesions autoimmune,0,95,0%,87.05
sjogren's symptoms,0,94,0%,4.71
high dhea and autoimmune disease,0,94,0%,10.87
whats in nac,0,94,0%,61.85
is benadryl bad for you,0,94,0%,79.97
autologous vs nonautologous tissue substitute,0,93,0%,9.35
autoimmune and gut health,0,93,0%,60.29
gut health autoimmune disease,0,93,0%,61.11
what are the symptoms of leaky gut,0,93,0%,93.22
autoimmune disease treatment denver,0,92,0%,50.61
long term antihistamine side effects,0,92,0%,65.14
7-day diet plan for hashimoto's disease,0,91,0%,1
autoimmune doctors,0,91,0%,28.13
low iron in women,0,91,0%,80.48
theiahealth,0,90,0%,6.46
ms olive oil,0,90,0%,8.33
are methylated vitamins better,0,90,0%,16.16
gut health and autoimmune,0,90,0%,60
dirty dozen food,0,90,0%,71.18
autoimmune rash legs,0,90,0%,82.24
autoimmune rash on legs,0,90,0%,85.89
symptoms of leaky gut syndrome,0,90,0%,89.17
acute vs chronic inflammation,0,89,0%,66.9
estrogen dominance,0,89,0%,72.28
high blood pressure autoimmune,0,88,0%,30.16
n acetyl,0,88,0%,54.18
food for stem cells,0,88,0%,70.51
what is hashimoto,0,88,0%,81.02
causes of lupus,0,88,0%,85.69
raynaud's face,0,87,0%,28.84
stem cell treatment for paralysis,0,87,0%,83.82
is it safe to take benadryl every night,0,87,0%,94.24
nac immune system,0,86,0%,48.56
is benadryl safe,0,86,0%,80.52
progesterone cortisol,0,85,0%,21.95
pot. autoimmune triggers,0,85,0%,49.88
functional autoimmune support,0,85,0%,55.8
why is collagen important,0,85,0%,64.11
auto immune skin disorder,0,85,0%,91.72
hashiomoto disease,0,85,0%,93.92
diphenhydramine long term use,0,84,0%,41.05
pediatric autoimmune,0,84,0%,61.17
function health autoimmune,0,84,0%,70.76
zinc carnosine for leaky gut,0,83,0%,5.24
glutathione autoimmune,0,83,0%,18
raynaud syndrome hypothyroidism,0,83,0%,47.29
hashimoto's stomach pain,0,83,0%,48.77
ferritin high means,0,83,0%,69.84
functional medicine for autoimmune disease,0,83,0%,72.55
what does a positive ana test mean,0,83,0%,75
long term effects of antihistamines,0,82,0%,63.66
foods with stem cells,0,82,0%,66.17
what is ana positive,0,82,0%,73.54
leaky gut specialist boulder,0,81,0%,13.74
is high blood pressure an autoimmune disease,0,81,0%,20.96
pots brain fog,0,81,0%,40.09
thyroid cleanse,0,81,0%,41.89
autoimmune diseases of the gut,0,81,0%,60.26
autoimmune digestive disorders,0,81,0%,60.65
ana positive symptoms,0,81,0%,78.88
low iron levels in women,0,81,0%,82.84
hashimoto's autoimmune disorder,0,81,0%,95.65
what do methylated vitamins do,0,80,0%,45.25
hashimoto's disease and stomach pain,0,80,0%,50.44
autoimmune gut health,0,80,0%,56.25
ana test positive means,0,80,0%,70.4
prebio,0,79,0%,11.87
autoimmune disease diarrhea,0,79,0%,37.13
antibiotics and depression,0,79,0%,50.65
autoimmune reset,0,79,0%,65.04
ana screen positive,0,79,0%,82.05
what ana pattern is associated with lupus,0,78,0%,12.86
autoimmune disease and gastrointestinal symptoms,0,78,0%,30.9
black seed oil joint pain,0,78,0%,39.62
long term use of benadryl,0,78,0%,51.87
live o2,0,78,0%,59.65
functional medicine for autoimmune disorders la vista,0,78,0%,65.38
chicken vs beef bone broth,0,78,0%,71.06
ferritin blood test high,0,78,0%,74.28
what causes high ferritin levels,0,78,0%,79.17
holistic autoimmune support,0,78,0%,83.95
can birth control cause hypothyroidism,0,77,0%,42.27
autoimmune gut diseases,0,77,0%,55.48
the autoimmune solution,0,77,0%,76.49
ferritin level is high,0,77,0%,85.99
nonautologous meaning,0,76,0%,7.75
birth control and hyperthyroidism,0,76,0%,45.16
stem cell hip,0,76,0%,77.37
ana positive causes,0,76,0%,82.33
autoimmune and stomach issues,0,75,0%,31.35
side effects of antihistamines long term,0,75,0%,60.75
does magnesium help with inflammation,0,75,0%,64.21
and acetylcysteine,0,75,0%,67.99
low iron women,0,75,0%,79.43
gut health and autoimmune response,0,75,0%,80.49
what's the difference between meat stock and bone broth,0,74,0%,6.69
autoimmune disease that cause high blood pressure,0,74,0%,22.32
autoimmune diseases that cause diarrhea,0,74,0%,44.78
ibs autoimmune,0,74,0%,47.27
what is n-acetyl-l-cysteine,0,74,0%,81.16
prebio balance reviews,0,73,0%,22.63
what autoimmune disease causes high blood pressure,0,73,0%,27.33
what is methylated vitamin,0,73,0%,44.99
functional medicine autoimmune,0,73,0%,45.64
antihistamine long term use,0,73,0%,53.58
homogenous ana pattern,0,73,0%,58.67
meaning of positive ana test,0,73,0%,75.37
autoimmune rashes,0,73,0%,97.25
magnesium for autoimmune,0,72,0%,10.4
autoimmune digestive problems,0,72,0%,34.65
environmental cause autoimmune disease,0,72,0%,34.86
pmf machine,0,72,0%,38.83
autoimmune disease gut health,0,72,0%,65.79
bone stock vs bone broth,0,72,0%,68.79
high ferritin meaning,0,72,0%,72.31
autoimmune specialists,0,72,0%,74.46
autoimmune disease of skin,0,72,0%,87.24
are antihistamines bad for you,0,72,0%,90.61
how does cold laser therapy work,0,72,0%,92.31
dhea,0,71,0%,10.01
detox thyroid,0,71,0%,33.42
auto immune help near me,0,71,0%,57.85
what is n-acetylcysteine,0,71,0%,65.46
is beef or chicken bone broth better,0,71,0%,67.11
what does nac do,0,71,0%,72.2
black seed oil arthritis,0,69,0%,29.84
difference between bone broth and stock,0,69,0%,69.61
what does positive ana mean,0,69,0%,72.14
autoimmune digestive disorder,0,69,0%,76.25
hashimoto\'s autoimmune disease,0,69,0%,84.46
glutathione autoimmune disease,0,68,0%,3.78
methylated vitamins definition,0,68,0%,6.16
magnesium autoimmune disease,0,68,0%,10.66
pmf physiotherapy,0,68,0%,14.97
cortisol progesterone,0,68,0%,20.65
dhea and immune system,0,68,0%,29.96
b vitamin methylation,0,68,0%,42.28
autoimmune disease specialist salt lake city,0,68,0%,42.68
methylation b vitamins,0,68,0%,45.21
magnesium for immune system,0,68,0%,55.9
low iron female symptoms,0,68,0%,74.9
stem cell treatment for hip pain,0,68,0%,81.9
is black seed oil good for autoimmune,0,67,0%,6.85
functional medicine thyroid specialist boulder,0,67,0%,24.66
nac inflammation,0,67,0%,46.12
autoimmune diseases that cause stomach issues,0,67,0%,46.97
beef stock vs bone broth,0,67,0%,60.99
gut and autoimmune disease,0,67,0%,62.37
childhood autoimmune diseases,0,67,0%,62.48
what does it mean when you test positive for ana,0,67,0%,76.13
ferritin serum high,0,67,0%,76.67
symptoms of low iron in woman,0,67,0%,79.28
hashimoto syndrome,0,67,0%,94.06
pmf health,0,66,0%,10.12
can autoimmune disease cause high blood pressure,0,66,0%,19.38
what autoimmune disorders attacks the digestive system,0,66,0%,65.11
low iron symptoms females,0,66,0%,67.83
electromagnetic+energy+for+healing,0,66,0%,81.76
what is dangerously high ferritin levels symptoms,0,66,0%,89.14
autoimmune rashes on face,0,66,0%,94.11
brain fog and pots,0,65,0%,38.43
what are methylated b vitamins,0,65,0%,39.14
30 day reset guide,0,65,0%,44.89
n acetylcysteine use,0,65,0%,58.92
autoimmune gut,0,65,0%,59.11
methyl b complex vs b complex,0,65,0%,67.25
ana lab test positive,0,65,0%,89.02
what is nonautologous tissue substitute,0,64,0%,6.69
green tea immune system,0,64,0%,39.39
autoimmune disease in kids,0,64,0%,69.42
symptoms of lack of iron in women,0,64,0%,78.55
autoimmune rashes on legs,0,64,0%,82.53
lupus info,0,64,0%,87.84
autoimmune rash on face,0,64,0%,91.06
diphenhydramine long term,0,63,0%,31.32
n acetylcysteine function,0,63,0%,44.49
what does a speckled ana pattern mean,0,63,0%,57.7
bone broth vs beef broth,0,63,0%,60.35
autoimmune disease functional medicine,0,63,0%,60.83
autoimmune disorders in children,0,63,0%,67.49
positive ana test means,0,63,0%,74.19
ferritin high levels,0,63,0%,77.57
high levels of ferritin,0,63,0%,81.35
positive ana test results interpretation,0,63,0%,87.71
iron levels female,0,63,0%,89.03
levothyroxine and birth control,0,62,0%,41.98
function of n acetylcysteine,0,62,0%,45.44
seropositive,0,62,0%,49.56
is raynaud's autoimmune,0,62,0%,54.11
gluten free thyroid,0,62,0%,68.77
what can cause a positive ana test,0,62,0%,69.31
pcos vitamin deficiency,0,62,0%,70.77
can going gluten free help thyroid,0,62,0%,71.79
tested positive for ana,0,62,0%,74.85
skin problems autoimmune,0,62,0%,82.44
power gut,0,61,0%,14.34
nac anti inflammatory,0,61,0%,41.34
long term use of diphenhydramine,0,61,0%,50.46
benadryl long term use,0,61,0%,51.46
hypothyroidism celiac,0,61,0%,63.92
nac supplement benefits,0,61,0%,77.51
gluten free and hashimoto's,0,61,0%,80.39
can birth control cause hyperthyroidism,0,60,0%,40.17
nac antioxidant,0,60,0%,50.15
gluten free diet for hypothyroidism,0,60,0%,59.15
treating pain autoimmune disorders,0,60,0%,73.62
irritable bowel syndrome without diarrhea,0,60,0%,94.95
colageno power,0,59,0%,5.44
multiple sclerosis specialist boulder co,0,59,0%,10.25
can hypothyroidism cause stomach ulcers,0,59,0%,18.19
environmental toxins and autoimmune disease,0,59,0%,43.64
n acetylcysteine is commonly known as what,0,59,0%,46.71
bone broth for leaky gut,0,59,0%,47.14
long term use of antihistamine,0,59,0%,59.36
stem cells for joint pain,0,59,0%,69.14
antinuclear antibody positive,0,59,0%,82.68
autoimmune disease skin rash,0,59,0%,92.14
autoimmune rash face,0,59,0%,94.41
git power 60c reviews,0,58,0%,1.74
nad+ and autoimmune disease,0,58,0%,6.33
hashimoto's and stomach pain,0,58,0%,47.03
stock vs bone broth,0,58,0%,63.67
the dirty dozen food,0,58,0%,69.84
foods for stem cells,0,58,0%,70.36
n-acetyl cysteine uses,0,58,0%,71.17
iron levels women,0,58,0%,75.93
symptoms of anemia in female,0,58,0%,84.64
how does cold laser work,0,58,0%,90.5
aip olives,0,57,0%,24.88
methylated vitamin,0,57,0%,33.81
long term benadryl use,0,57,0%,46.07
dirty dozen foods list,0,57,0%,48.89
hyperthyroidism birth control,0,57,0%,50.18
acute versus chronic inflammation,0,57,0%,54.12
paediatric autoimmune diseases,0,57,0%,69.61
long term use benadryl side effects,0,57,0%,77.63
lupus cause,0,57,0%,91.19
face rash autoimmune,0,57,0%,95.02
git power 60c product info and reviews,0,56,0%,1.59
what environmental factors cause autoimmune diseases,0,56,0%,33.61
methylation vitamin,0,56,0%,44.02
dhea for immune system,0,56,0%,49.41
black cumin seed oil and thyroid,0,56,0%,55.23
long-term side effects of benadryl on the brain,0,56,0%,59.16
live 02,0,56,0%,61.12
aip coconut milk,0,55,0%,28.95
does zinc carnosine cause constipation,0,55,0%,31.56
autoimmune disease and mold exposure,0,55,0%,55
insulin resistance and hormones,0,55,0%,63.15
cortisol and caffeine,0,55,0%,69.16
n acetyl cysteine benefits,0,55,0%,70.71
can going gluten free affect your thyroid,0,55,0%,70.85
what does elevated ferritin mean,0,55,0%,73.2
symptoms of ana positive,0,55,0%,75.55
estrogen dominance genetic,0,55,0%,76.51
dirty dozen vegetables,0,55,0%,76.95
pmf recovery,0,54,0%,7.48
autoimmune dry skin,0,54,0%,32.59
autoimmune digestive disease,0,54,0%,69.43
ana screen ifa positive,0,54,0%,90.96
what specialist treats autoimmune diseases,0,54,0%,95.74
nac autoimmune,0,53,0%,16.42
signs of iron deficiency in females,0,53,0%,66.64
ferritin high meaning,0,53,0%,68.45
functional medicine for autoimmune disorders plattsmouth,0,53,0%,69.21
leaky gut diagram,0,53,0%,69.79
what causes ferritin to be high,0,53,0%,80.51
immune system skin disorders,0,53,0%,88.15
autoimmune face rash,0,53,0%,95.28
immune system doctor,0,53,0%,97.13
what does methylated vitamins mean,0,52,0%,37.1
autoimmune doctor blacksburg va,0,52,0%,54.25
ferritin high level,0,52,0%,70.48
long term side effects of antihistamines,0,52,0%,74.73
what causes high ferritin,0,52,0%,78.19
what is hashimoto's diseases,0,52,0%,83.25
ana blood work positive,0,52,0%,83.94
what is methyl b complex good for,0,52,0%,84.6
what type of doctor treats autoimmune disease,0,52,0%,92.81
lupus inflammation,0,52,0%,94.21
what causes hashimoto disease,0,52,0%,94.25
symptoms of sjogren's syndrome,0,51,0%,4.75
immunopower gold price,0,51,0%,9.22
autoimmune disease fort collins,0,51,0%,15.67
black seed oil immune system,0,51,0%,32.29
autoimmune disease digestive problems,0,51,0%,33.71
autoimmune disease in men,0,51,0%,41.24
ana speckled pattern,0,51,0%,47.08
list of dirty dozen,0,51,0%,57.06
importance of collagen,0,51,0%,58.14
bone broth vs bone stock,0,51,0%,62.65
thyroid and gluten,0,51,0%,73.69
define lupus disease,0,51,0%,80.1
symptoms of anemia in females,0,51,0%,82.41
auto immune disease on skin,0,51,0%,86.82
hashimoto's disease cause,0,51,0%,94.51
functional neurology,0,51,0%,97.65
is glutathione good for autoimmune disease,0,50,0%,3.42
methylated b vitamins for mthfr,0,50,0%,28.92
does birth control cause hypothyroidism,0,50,0%,35.64
autoimmune disease digestive tract,0,50,0%,41.94
site:http://drautoimmune.com,0,50,0%,46.4
methylated,0,50,0%,49.16
dirty dozen list of foods,0,50,0%,55.74
the dirty dozen list,0,50,0%,59.66
gluten free for thyroid,0,50,0%,64.56
what is positive ana,0,50,0%,66.16
can gluten free diet cause hypothyroidism,0,50,0%,69.98
what does it mean when ferritin is high,0,50,0%,71.4
difference between stock and bone broth,0,50,0%,76.02
low iron symptoms in female,0,50,0%,76.2
holistic approach to crohn's disease,0,50,0%,78.88
autoimmune disease that causes rash,0,50,0%,92.08
zinc carnosine constipation,0,49,0%,28.8
can hypothyroidism cause ulcers,0,49,0%,36.71
is ibs an auto immune disease,0,49,0%,41.14
autoimmune disease with stomach issues,0,49,0%,44.61
raynaud's autoimmune,0,49,0%,50.16
eczema functional medicine,0,49,0%,51.96
antihistamines long term use,0,49,0%,57.49
dirty dozen pesticides,0,49,0%,61.1
what causes a positive ana test,0,49,0%,68.63
alimentos dirty dozen,0,49,0%,72.24
hypothyroidism and celiac,0,49,0%,73.69
autoimmune disease skin symptoms,0,49,0%,75.94
autoimmune disease face,0,49,0%,81.78
hashimoto disease autoimmune,0,49,0%,85.31
autoimmune disease that causes blisters on skin,0,49,0%,88.96
d3 power,0,48,0%,5.77
estrogen dominance inflammation,0,48,0%,44.27
autoimmune diarrhea,0,48,0%,46.52
ibs autoimmune disease,0,48,0%,53.19
gluten-free fad,0,48,0%,57.56
gluten free and hypothyroidism,0,48,0%,63.58
nac what is it used for,0,48,0%,68.85
low iron levels in females,0,48,0%,83.12
stem cell treatment for joint pain,0,48,0%,84.75
hashimoto’s,0,48,0%,88.85
autoimmune diseases that cause rashes,0,48,0%,93.88
power min,0,47,0%,10.83
autoimmune disease dr,0,47,0%,38.66
is irritable bowel disease an autoimmune disease,0,47,0%,48.6
nac for inflammation,0,47,0%,48.98
list of dirty dozen foods,0,47,0%,53.06
mold autoimmune disease,0,47,0%,59.77
how to use black seed for immune system,0,47,0%,61.09
does magnesium help with immune system,0,47,0%,64.53
doctor of autoimmune diseases,0,47,0%,65.83
n acetyl cysteine nac,0,47,0%,66.06
boulder rheumatology,0,47,0%,67.19
ferritin too high,0,47,0%,67.62
hypothyroid gluten,0,47,0%,73.04
iron deficiency in females symptoms,0,47,0%,74.64
methylated b12 benefits,0,47,0%,75.04
iron deficiency women,0,47,0%,75.17
methylated b complex,0,46,0%,18.41
autoimmune disease that causes high blood pressure,0,46,0%,21.35
what is methylated b vitamins,0,46,0%,38.39
best autoimmune specialist in usa,0,46,0%,43.43
magnesium benefits inflammation,0,46,0%,43.61
n-acetylcysteine (nac),0,46,0%,43.74
long term use of benadryl for sleep,0,46,0%,52.2
what are the dirty dozen foods,0,46,0%,60.65
low iron symptoms female eyes,0,46,0%,63.54
dirty dozen fruits and vegetables,0,46,0%,69.65
how does n acetylcysteine work,0,46,0%,70.76
elevated ana,0,46,0%,74.07
gut health for autoimmune conditions,0,46,0%,84.54
collagen and lupus,0,46,0%,85.87
nad for autoimmune,0,45,0%,6.38
gutpower,0,45,0%,6.51
autoimmune diet doctor,0,45,0%,11.22
functional medicine arthritis,0,45,0%,22.2
consultation for autoimmune root cause analysis,0,45,0%,25.76
dr bilstrom store,0,45,0%,37.96
green tea and immune system,0,45,0%,41.07
doctor who deals with autoimmune disorders,0,45,0%,48.33
ana homogeneous pattern,0,45,0%,53.96
bone broth leaky gut,0,45,0%,55.87
rheumatologist boulder,0,45,0%,56.98
n acetyl uses,0,45,0%,59.49
autoimmune disease in infants,0,45,0%,60.67
list of the dirty dozen,0,45,0%,61.73
high level ferritin,0,45,0%,76.02
what is high ferritin in blood test,0,45,0%,78.47
autoimmune disease and skin,0,45,0%,81.82
antinuclear antibody test positive,0,45,0%,82.82
autoimmune disease and rash,0,45,0%,93.27
magnesium and lupus,0,44,0%,2.93
what does methylated b vitamins mean,0,44,0%,9.52
estrogen dominance insulin resistance,0,44,0%,11.66
high blood pressure and autoimmune diseases,0,44,0%,20.5
autoimmune nutritionist,0,44,0%,34.52
birth control and levothyroxine,0,44,0%,44.95
pots syndrome autoimmune,0,44,0%,47
long-term use of benadryl for sleep,0,44,0%,50.5
what are nac supplements,0,44,0%,60
gut autoimmune diseases,0,44,0%,65.11
symptoms of anaemia in women,0,44,0%,72.61
what is a positive ana test,0,44,0%,73.16
anaemia symptoms in females,0,44,0%,75.36
autoimmune disease of the skin,0,44,0%,86.77
is ms an autoimmune disease,0,44,0%,91.95
power magnesium,0,44,0%,93.84
what causes hashimoto's,0,44,0%,97
black seed oil and lupus,0,43,0%,12.74
black seed oil lupus,0,43,0%,19.4
what does high ferritin levels indicate,0,43,0%,23.42
methalated vitamins,0,43,0%,30.53
methyl b vitamins,0,43,0%,44.37
can birth control cause thyroid problems,0,43,0%,46.63
methylated vitamins benefits,0,43,0%,47.37
autoimmune conditions (general support) energy healer,0,43,0%,51.47
can mold cause autoimmune disease,0,43,0%,53.12
n acetyl cystine,0,43,0%,55.79
long-term use of antihistamines,0,43,0%,58.84
autoimmune disease and mold,0,43,0%,62.88
vitamin doctor,0,43,0%,65.49
ana is positive what does it mean,0,43,0%,73.67
autoimmune diseases that affect the skin,0,43,0%,74.95
immune system attacking skin,0,43,0%,78.37
functional medicine autoimmune disorders,0,43,0%,80.21
autoimmune skin symptoms,0,43,0%,83.12
autoimmune hashimoto,0,43,0%,88.58
autoimmune skin,0,43,0%,88.67
probiotics benefit,0,43,0%,91.23
rashes caused by autoimmune diseases,0,43,0%,93.91
hashimoto causes,0,43,0%,97.21
sjogren's disease,0,42,0%,1.57
hashimoto's specialist boulder,0,42,0%,16.83
liveo2 reviews,0,42,0%,18.83
seropositive vs seronegative,0,42,0%,32.29
homogeneous pattern,0,42,0%,40.48
methylated multivitamin benefits,0,42,0%,47.48
antihistamine long term usage,0,42,0%,50.12
what is in nac,0,42,0%,59.19
nac drug,0,42,0%,61.81
immune diseases in children,0,42,0%,67.45
signs of autoimmune disease in child,0,42,0%,73.4
female low iron symptoms,0,42,0%,76.64
iron deficiency symptoms in woman,0,42,0%,77.24
does caffeine raise cortisol,0,42,0%,79.19
autoimmune diseases of the skin,0,42,0%,85.31
gas and bloating after eating,0,42,0%,93.19
hashimoto autoimmune disorder,0,42,0%,93.5
skin rash autoimmune,0,42,0%,94.12
can you still have inflammation with normal crp,0,41,0%,9.9
vitamin d hashimoto,0,41,0%,41.27
b complex for pcos,0,41,0%,49.68
homogeneous pattern ana,0,41,0%,50.22
long-term use of diphenhydramine for sleep,0,41,0%,50.9
what does autologous mean,0,41,0%,54.63
seropositive arthritis,0,41,0%,54.78
methylated nutrients,0,41,0%,57.32
leaky gut bone broth,0,41,0%,65.68
meaning of ana positive,0,41,0%,68.93
auto immune doctor buffalo near me,0,41,0%,73.24
what does ana positive mean,0,41,0%,73.73
seronegative arthritis types,0,41,0%,76.78
antinuclear antibodies positive,0,41,0%,79.93
autoimmune facial rash,0,41,0%,95.95
black seed autoimmune disease,0,40,0%,9.32
pcos and mthfr,0,40,0%,31.55
mthfr pcos,0,40,0%,37.95
doctors for autoimmune disorders,0,40,0%,39.4